order_id,customer_id,order_date,dispatch_date,product_id,batch_id,quantity_sold,sales_value,delivery_region
O-00639,C-058,2025-02-01,2025-02-01,P-044,B-0210,24,112.86,Canterbury
O-01173,C-002,2025-02-01,2025-02-01,P-015,B-0173,24,161.76,Canterbury
O-01327,C-056,2025-02-01,2025-02-03,P-050,B-0114,6,24.6,Canterbury
O-00703,C-006,2025-04-01,2025-04-03,P-004,B-0182,6,11.57,Wellington
O-00379,C-046,2025-01-20,2025-01-20,P-028,B-0061,24,142.8,Otago
O-01573,C-069,2025-01-20,2025-01-23,P-046,B-0122,24,299.59,Bay of Plenty
O-01622,C-028,2025-01-20,2025-01-22,P-014,B-0050,48,290.4,Waikato
O-00246,C-049,2025-01-21,2025-01-23,P-021,B-0217,6,55.86,Canterbury
O-00833,C-029,2025-01-21,2025-01-21,P-049,B-0225,48,347.93,Bay of Plenty
O-00968,C-037,2025-01-21,2025-01-24,P-015,B-0006,36,242.64,Canterbury
O-00977,C-017,2025-01-22,2025-01-23,P-033,B-0221,12,100.8,Auckland
O-01002,C-003,2025-01-22,,P-015,B-0165,24,161.76,Wellington
O-01260,C-039,2025-01-22,,P-028,B-0061,48,285.6,Otago
O-00238,C-013,2025-01-23,2025-01-26,P-022,B-0259,72,955.44,Canterbury
O-00441,C-028,2025-01-23,2025-01-26,P-047,B-0121,6,77.04,Otago
O-00777,C-064,2025-01-23,,P-012,B-0299,6,23.34,Auckland
O-00913,C-035,2025-01-23,2025-01-25,P-049,B-0129,12,91.56,Canterbury
O-01039,C-060,2025-01-23,2025-01-23,P-013,B-0035,24,78.48,Auckland
O-01390,C-031,2025-01-23,2025-01-26,P-035,B-0049,12,47.28,Wellington
O-01567,C-059,2025-01-23,2025-01-25,P-050,B-0027,48,196.8,Wellington
O-01682,C-030,2025-01-23,2025-01-24,P-045,B-0289,36,174.24,Bay of Plenty
O-00071,C-022,2025-01-24,2025-01-24,P-019,B-0237,12,67.03,Canterbury
O-00338,C-031,2025-01-24,2025-01-27,P-044,,6,29.7,Otago
O-00983,C-002,2025-01-24,2025-01-27,P-044,B-0262,24,118.8,Canterbury
O-01527,C-048,2025-01-24,2025-01-25,P-051,B-0189,12,57.0,Auckland
O-01577,C-006,2025-01-24,2025-01-25,P-024,B-0153,24,128.16,Wellington
O-00359,C-069,2025-01-25,2025-01-25,P-024,,24,128.16,Bay of Plenty
O-00469,C-025,2025-01-25,2025-01-27,P-034,B-0202,24,66.96,Canterbury
O-00487,C-048,2025-01-25,2025-01-28,P-050,B-0027,12,49.2,Auckland
O-00801,C-068,2025-01-25,2025-01-27,P-036,B-0034,48,258.24,Waikato
O-01455,C-055,2025-01-25,2025-01-26,P-029,B-0264,24,44.92,Wellington
O-01723,C-032,2025-01-25,2025-01-25,P-020,B-0068,72,453.6,Auckland
O-00590,C-041,2025-01-26,2025-01-26,P-038,B-0152,48,161.28,Auckland
O-00613,C-030,2025-01-26,2025-01-29,P-044,B-0109,6,28.21,Bay of Plenty
O-01006,C-018,2025-01-26,2025-01-28,P-015,B-0165,48,323.52,Auckland
O-01118,C-022,2025-01-26,2025-01-26,P-024,B-0153,72,384.48,Canterbury
O-01305,C-059,2025-01-26,,P-006,B-0213,72,399.6,Wellington
O-01317,C-063,2025-01-26,2025-01-26,P-044,B-0210,12,59.4,Bay of Plenty
O-00744,C-024,2025-01-27,2025-01-28,P-049,B-0031,24,183.12,Bay of Plenty
O-00939,C-063,2025-01-27,2025-01-27,P-025,B-0294,6,54.21,Bay of Plenty
O-01369,C-051,2025-01-27,2025-01-29,P-030,,48,107.04,Otago
O-01415,C-063,2025-01-27,2025-01-30,P-002,B-0007,24,83.22,Bay of Plenty
O-01492,C-017,2025-01-27,2025-01-30,P-038,B-0242,24,80.64,Canterbury
O-01252,C-055,2025-01-28,2025-01-29,P-007,,36,206.64,Wellington
O-01568,C-032,2025-01-28,2025-01-31,P-044,B-0262,24,118.8,Auckland
O-00168,C-057,2025-01-29,2025-01-30,P-013,B-0205,48,156.96,Auckland
O-00633,C-010,2025-01-29,2025-01-29,P-006,B-0252,48,266.4,Canterbury
O-00069,C-039,2025-01-30,,P-005,B-0140,72,357.84,Wellington
O-00704,C-008,2025-01-30,2025-01-30,P-037,B-0180,24,168.49,Wellington
O-00840,C-060,2025-01-30,2025-01-31,P-006,,72,399.6,Auckland
O-00665,C-007,2025-01-31,2025-02-02,P-040,B-0154,6,35.7,Waikato
O-00724,C-022,2025-01-31,2025-01-31,P-033,,12,95.76,Canterbury
O-01572,C-066,2025-01-31,2025-02-01,P-033,B-0010,24,201.6,Auckland
O-00056,C-048,2025-02-01,2025-02-03,P-025,B-0226,24,228.24,Auckland
O-00417,C-033,2025-02-01,2025-02-01,P-018,B-0133,24,101.0,Canterbury
O-00492,C-052,2025-02-01,2025-02-02,P-007,B-0147,24,137.76,Bay of Plenty
O-01615,C-049,2025-02-01,,P-048,B-0218,48,318.74,Canterbury
O-01418,C-058,2025-02-02,2025-02-05,P-045,B-0074,24,116.16,Canterbury
O-01513,C-057,2025-02-02,2025-02-02,P-016,B-0075,36,219.6,Auckland
O-00610,C-006,2025-02-03,2025-02-04,P-021,B-0040,24,235.2,Wellington
O-00770,C-015,2025-02-03,2025-02-06,P-046,B-0037,6,78.84,Auckland
O-00416,C-017,2025-02-04,2025-02-06,P-016,B-0005,72,439.2,Auckland
O-00849,C-047,2025-02-04,2025-02-06,P-026,B-0100,36,77.4,Canterbury
O-01446,C-014,2025-02-04,2025-02-07,P-041,B-0148,72,488.38,Canterbury
O-01761,C-063,2025-02-04,2025-02-05,P-049,B-0129,24,183.12,Bay of Plenty
O-00022,C-058,2025-02-05,2025-02-05,P-035,B-0048,24,94.56,Canterbury
O-00439,C-056,2025-05-02,2025-05-04,P-003,B-0207,12,68.29,Canterbury
O-00851,C-070,2025-02-05,2025-02-06,P-051,B-0189,12,57.0,Otago
O-01553,C-035,2025-02-05,2025-02-05,P-050,B-0043,36,147.6,Canterbury
O-00758,C-046,2025-02-06,2025-02-08,P-037,B-0209,48,354.72,Canterbury
O-00800,C-046,2025-02-06,2025-02-07,P-040,B-0011,12,71.4,Otago
O-01217,C-023,2025-02-06,2025-02-09,P-037,B-0180,48,354.72,Auckland
O-01578,C-030,2025-02-06,2025-02-07,P-041,,36,257.04,Bay of Plenty
O-01127,C-008,2025-02-07,2025-02-08,P-036,B-0177,24,122.66,Wellington
O-01344,C-036,2025-02-07,2025-02-08,P-035,B-0046,36,134.75,Otago
O-01380,C-035,2025-02-07,2025-02-10,P-032,B-0183,24,99.12,Canterbury
O-00413,C-064,2025-02-08,2025-02-11,P-025,B-0120,24,228.24,Bay of Plenty
O-00534,C-036,2025-02-08,2025-02-09,P-030,B-0144,12,26.76,Otago
O-01000,C-002,2025-02-08,2025-02-11,P-037,,36,266.04,Canterbury
O-01449,C-043,2025-02-08,2025-02-10,P-045,B-0123,72,348.48,Otago
O-01742,C-013,2025-02-08,2025-02-08,P-025,B-0294,24,228.24,Canterbury
O-00085,C-035,2025-02-09,2025-02-12,P-027,B-0032,36,115.2,Canterbury
O-00093,C-063,2025-02-09,2025-02-09,P-047,B-0096,72,924.48,Bay of Plenty
O-00711,C-049,2025-02-09,2025-02-12,P-024,,24,128.16,Canterbury
O-01083,C-030,2025-02-11,2025-02-12,P-001,B-0187,12,72.36,Bay of Plenty
O-01510,C-008,2025-02-11,2025-02-12,P-001,B-0163,48,274.97,Wellington
O-01526,C-041,2025-02-11,2025-02-14,P-048,B-0218,36,251.64,Auckland
O-00708,C-049,2025-02-12,2025-02-14,P-049,B-0225,12,91.56,Canterbury
O-01122,C-018,2025-02-12,2025-02-15,P-020,B-0068,24,151.2,Auckland
O-01477,C-013,2025-12-02,2025-12-02,P-046,B-0078,12,157.68,Auckland
O-01495,C-029,2025-02-12,,P-036,B-0255,12,64.56,Bay of Plenty
O-01533,C-049,2025-02-12,2025-02-13,P-029,B-0264,48,89.83,Canterbury
O-01705,C-006,2025-02-12,2025-02-14,P-022,B-0259,72,955.44,Wellington
O-00496,C-038,2025-02-13,,P-022,B-0125,12,159.24,Otago
O-00620,C-057,2025-02-13,2025-02-14,P-012,B-0267,24,88.69,Auckland
O-01561,C-012,2025-02-13,2025-02-15,P-021,,24,235.2,Otago
O-00342,C-049,2025-02-14,2025-02-15,P-006,B-0076,24,133.2,Canterbury
O-00422,C-019,2025-02-14,2025-02-16,P-019,B-0166,36,211.68,Bay of Plenty
O-01571,C-046,2025-02-14,2025-02-14,P-043,B-0197,48,288.48,Otago
O-01749,C-050,2025-02-14,2025-02-15,P-010,B-0038,72,123.12,Canterbury
O-00423,C-020,2025-02-15,2025-02-15,P-019,B-0166,36,211.68,Auckland
O-00654,C-049,2025-02-15,2025-02-18,P-047,B-0119,48,616.32,Canterbury
O-00795,C-008,2025-02-15,2025-02-16,P-024,B-0278,24,128.16,Wellington
O-01181,C-002,2025-02-15,2025-02-18,P-022,,12,151.28,Canterbury
O-01339,C-056,2025-02-15,2025-02-18,P-032,B-0295,48,188.33,Wellington
O-00006,C-038,2025-02-16,2025-02-18,P-043,B-0029,24,144.24,Wellington
O-00202,C-063,2025-02-16,2025-02-17,P-003,B-0157,12,71.88,Bay of Plenty
O-00905,C-027,2025-02-16,2025-02-19,P-003,B-0044,36,215.64,Auckland
O-01265,C-069,2025-02-16,2025-02-18,P-001,,36,206.23,Bay of Plenty
O-00391,C-019,2025-02-17,2025-02-19,P-028,,24,142.8,Bay of Plenty
O-01074,C-007,2025-02-17,2025-02-18,P-037,,48,354.72,Waikato
O-01542,C-042,2025-02-17,2025-02-19,P-047,B-0096,36,462.24,Wellington
O-00243,C-056,2025-02-18,2025-02-19,P-007,B-0094,24,137.76,Canterbury
O-00942,C-065,2025-02-18,2025-02-21,P-013,B-0205,12,39.24,Auckland
O-01464,C-012,2025-02-18,2025-02-19,P-030,B-0058,6,13.38,Auckland
O-00140,C-047,2025-02-19,2025-02-22,P-034,B-0281,12,33.48,Auckland
O-00756,C-045,2025-02-19,2025-02-21,P-049,,72,549.36,Canterbury
O-00857,C-035,2025-02-19,,P-045,B-0179,72,348.48,Canterbury
O-00512,C-009,2025-02-20,2025-02-21,P-019,B-0166,36,211.68,Auckland
O-00667,C-016,2025-02-20,2025-02-23,P-014,,12,72.6,Canterbury
O-00277,C-043,2025-02-21,2025-02-22,P-048,B-0282,48,335.52,Otago
O-01229,C-065,2025-02-21,2025-02-21,P-030,B-0144,12,26.76,Auckland
O-01596,C-059,2025-02-21,2025-02-24,P-045,B-0123,12,58.08,Waikato
O-00041,C-043,2025-02-22,2025-02-24,P-025,B-0294,24,228.24,Otago
O-00954,C-025,2025-02-22,2025-02-25,P-041,B-0254,36,257.04,Canterbury
O-01293,C-003,2025-02-22,2025-02-23,P-039,B-0155,24,164.39,Wellington
O-00002,C-047,2025-02-23,2025-02-23,P-035,B-0227,36,141.84,Canterbury
O-00038,C-065,2025-02-23,2025-02-26,P-047,B-0119,36,462.24,Auckland
O-01470,C-035,2025-02-23,2025-02-23,P-037,B-0161,12,88.68,Canterbury
O-01743,C-035,2025-02-23,2025-02-26,P-030,B-0047,36,80.28,Bay of Plenty
O-00248,C-019,2025-02-24,2025-02-26,P-019,,24,134.06,Canterbury
O-00682,C-061,2025-02-24,2025-02-26,P-039,B-0297,24,164.39,Auckland
O-01028,C-026,2025-02-24,2025-02-25,P-017,B-0223,6,29.58,Waikato
O-00955,C-002,2025-02-25,2025-02-25,P-020,B-0124,36,226.8,Canterbury
O-00781,C-013,2025-02-26,2025-02-28,P-024,,6,30.44,Canterbury
O-00575,C-067,2025-02-27,2025-03-02,P-030,,72,160.56,Otago
O-01073,C-017,2025-02-27,2025-02-28,P-050,B-0114,6,24.6,Auckland
O-01230,C-051,2025-02-27,2025-03-02,P-008,B-0290,36,86.4,Otago
O-00596,C-004,2025-02-28,2025-02-28,P-029,,72,141.84,Otago
O-00760,C-038,2025-02-28,2025-02-28,P-028,B-0061,6,35.7,Wellington
O-01473,C-021,2025-02-28,2025-03-01,P-020,B-0124,36,215.46,Auckland
O-00356,C-069,2025-03-01,2025-03-03,P-003,B-0044,48,287.52,Bay of Plenty
O-00545,C-004,2025-03-01,2025-03-02,P-007,B-0052,36,206.64,Otago
O-01174,C-022,2025-03-01,2025-03-03,P-017,B-0215,6,29.58,Bay of Plenty
O-01381,C-002,2025-03-01,2025-03-02,P-011,B-0298,48,244.8,Canterbury
O-01411,C-070,2025-03-01,2025-03-04,P-035,B-0049,48,189.12,Otago
O-00331,C-041,2025-02-03,2025-02-04,P-048,B-0282,24,167.76,Wellington
O-00629,C-044,2025-03-02,2025-03-04,P-028,B-0061,48,285.6,Otago
O-01487,C-034,2025-03-02,2025-03-05,P-012,,72,280.08,Auckland
O-00162,C-058,2025-03-03,2025-03-03,P-036,B-0260,72,387.36,Canterbury
O-00236,C-001,2025-03-03,2025-03-03,P-049,B-0031,12,86.98,Auckland
O-00420,C-041,2025-03-03,2025-03-04,P-029,,6,11.82,Auckland
O-00598,C-052,2025-03-03,2025-03-05,P-051,,6,28.5,Bay of Plenty
O-00606,C-051,2025-03-03,2025-03-06,P-001,B-0025,12,72.36,Otago
O-01017,C-025,2025-03-03,2025-03-04,P-046,B-0078,36,473.04,Canterbury
O-01289,C-024,2025-03-03,2025-03-04,P-045,B-0135,24,110.35,Bay of Plenty
O-01521,C-018,2025-03-03,2025-03-03,P-034,B-0008,6,16.74,Auckland
O-01741,C-044,2025-03-03,,P-021,B-0098,24,235.2,Otago
O-00271,C-068,2025-03-04,2025-03-07,P-048,B-0174,12,79.69,Waikato
O-00673,C-022,2025-03-04,2025-03-06,P-044,B-0262,36,178.2,Canterbury
O-00316,C-062,2025-03-07,2025-03-07,P-037,,24,177.36,Wellington
O-00372,C-015,2025-03-07,2025-03-07,P-031,B-0219,36,114.84,Auckland
O-00431,C-014,2025-03-07,2025-03-07,P-039,B-0297,48,346.08,Canterbury
O-00603,C-002,2025-03-07,2025-03-10,P-014,,12,72.6,Canterbury
O-00779,C-042,2025-03-07,2025-03-09,P-016,B-0071,24,146.4,Waikato
O-00926,C-038,2025-03-07,2025-03-10,P-012,B-0299,48,186.72,Wellington
O-01239,C-049,2025-03-07,2025-03-10,P-010,,12,20.52,Canterbury
O-01337,C-023,2025-03-07,2025-03-08,P-049,B-0246,48,366.24,Auckland
O-01589,C-026,2025-03-07,2025-03-10,P-049,B-0225,24,183.12,Waikato
O-01635,C-005,2025-03-07,2025-03-09,P-038,B-0152,48,153.22,Wellington
O-01261,C-022,2025-03-08,2025-03-09,P-037,B-0188,12,88.68,Canterbury
O-01640,C-044,2025-03-08,2025-03-11,P-034,B-0202,48,133.92,Otago
O-00134,C-027,2025-03-09,2025-03-09,P-016,B-0075,24,146.4,Otago
O-00564,C-020,2025-03-09,2025-03-11,P-050,B-0043,36,147.6,Auckland
O-00823,C-003,2025-03-09,,P-045,B-0074,36,165.53,Wellington
O-01350,C-044,2025-03-09,2025-03-11,P-036,B-0034,12,64.56,Otago
O-00949,C-069,2025-03-10,2025-03-13,P-025,B-0128,36,342.36,Bay of Plenty
O-01536,C-008,2025-03-10,2025-03-11,P-046,B-0122,36,449.39,Wellington
O-00772,C-056,2025-03-11,2025-03-13,P-018,,6,26.58,Canterbury
O-00842,C-034,2025-03-11,,P-020,,72,430.92,Auckland
O-00996,C-032,2025-03-11,2025-03-13,P-039,B-0244,48,328.78,Auckland
O-01272,C-031,2025-03-11,2025-03-14,P-020,B-0124,24,143.64,Otago
O-00024,C-023,2025-03-12,2025-03-14,P-001,B-0187,72,434.16,Auckland
O-00136,C-014,2025-03-12,2025-03-15,P-033,B-0010,72,604.8,Canterbury
O-00425,C-016,2025-03-13,2025-03-16,P-035,B-0164,48,179.66,Canterbury
O-01152,C-015,2025-03-13,2025-03-14,P-034,B-0279,12,33.48,Auckland
O-01224,C-046,2025-03-13,2025-03-15,P-010,B-0091,6,9.75,Auckland
O-01594,C-015,2025-03-13,2025-03-15,P-023,B-0079,24,127.2,Auckland
O-00465,C-010,2025-03-14,2025-03-15,P-021,B-0167,36,352.8,Canterbury
O-01310,C-068,2025-03-14,,P-042,B-0102,24,78.48,Waikato
O-01362,C-064,2025-03-14,2025-03-16,P-032,,48,198.24,Auckland
O-00004,C-040,2025-03-15,2025-03-17,P-038,B-0242,36,120.96,Otago
O-00112,C-057,2025-03-15,2025-03-16,P-036,B-0034,12,64.56,Auckland
O-00267,C-035,2025-03-15,2025-03-17,P-025,B-0294,48,456.48,Canterbury
O-00893,C-018,2025-03-15,2025-03-15,P-049,,36,274.68,Auckland
O-01628,C-052,2025-03-15,2025-03-18,P-029,B-0264,24,47.28,Bay of Plenty
O-00031,C-006,2025-03-16,2025-03-18,P-011,B-0298,24,122.4,Canterbury
O-00943,C-038,2025-03-16,2025-03-16,P-022,B-0195,24,318.48,Wellington
O-00405,C-003,2025-03-17,,P-015,B-0173,72,485.28,Wellington
O-01232,C-042,2025-03-17,2025-03-17,P-006,B-0275,72,399.6,Wellington
O-01332,C-020,2025-03-17,2025-03-18,P-046,,12,157.68,Bay of Plenty
O-00655,C-066,2025-03-18,2025-03-19,P-003,,24,143.76,Auckland
O-01085,C-027,2025-03-18,2025-03-18,P-024,B-0274,12,64.08,Otago
O-01530,C-020,2025-03-18,2025-03-20,P-047,B-0160,24,308.16,Auckland
O-00408,C-032,2025-03-19,2025-03-19,P-001,B-0187,6,36.18,Auckland
O-01275,C-046,2025-03-19,2025-03-20,P-007,B-0249,24,137.76,Otago
O-01629,C-058,2025-03-19,2025-03-21,P-019,B-0107,12,70.56,Canterbury
O-00229,C-048,2025-03-20,2025-03-23,P-041,B-0149,24,171.36,Auckland
O-01105,C-069,2025-03-20,2025-03-23,P-017,B-0215,24,118.32,Bay of Plenty
O-01500,C-039,2025-03-20,2025-03-21,P-005,B-0001,24,119.28,Wellington
O-01675,C-008,2025-03-20,2025-03-20,P-014,B-0190,48,290.4,Wellington
O-00108,C-013,2025-03-21,2025-03-21,P-005,B-0265,24,119.28,Canterbury
O-00249,C-049,2025-03-21,2025-03-23,P-046,B-0122,12,157.68,Canterbury
O-00994,C-046,2025-03-21,2025-03-21,P-037,,12,88.68,Otago
O-00145,C-015,2025-03-22,2025-03-24,P-033,,24,191.52,Bay of Plenty
O-01113,C-008,2025-03-22,2025-03-25,P-011,B-0298,24,116.28,Wellington
O-00386,C-043,2025-03-23,2025-03-23,P-031,B-0013,48,145.46,Otago
O-00327,C-049,2025-03-24,2025-03-26,P-003,B-0157,72,431.28,Canterbury
O-00403,C-043,2025-03-24,2025-03-25,P-047,B-0162,24,308.16,Otago
O-01111,C-001,2025-03-24,2025-03-24,P-011,B-0298,24,122.4,Auckland
O-00025,C-029,2025-03-25,2025-03-26,P-040,B-0211,24,142.8,Bay of Plenty
O-00668,C-062,2025-03-25,2025-03-26,P-045,B-0179,12,58.08,Wellington
O-00669,C-006,2025-03-25,2025-03-27,P-037,B-0238,48,354.72,Wellington
O-00962,C-003,2025-03-25,2025-03-28,P-001,,24,144.72,Wellington
O-00588,C-019,2025-03-26,2025-03-28,P-031,B-0239,6,19.14,Canterbury
O-00802,C-068,2025-03-26,2025-03-29,P-013,B-0085,24,78.48,Waikato
O-00998,C-037,2025-03-26,2025-03-26,P-045,B-0074,36,174.24,Waikato
O-01103,C-021,2025-03-26,2025-03-26,P-015,B-0006,12,80.88,Auckland
O-01108,C-040,2025-03-26,2025-03-26,P-002,B-0172,24,87.6,Otago
O-01511,C-064,2025-03-26,2025-03-28,P-045,,24,110.35,Bay of Plenty
O-01537,C-031,2025-03-26,2025-03-28,P-018,B-0099,24,106.32,Canterbury
O-00622,C-013,2025-03-27,2025-03-27,P-003,B-0293,6,35.94,Canterbury
O-00933,C-062,2025-03-27,2025-03-28,P-031,B-0013,48,153.12,Wellington
O-01219,C-023,2025-03-27,2025-03-29,P-033,,36,302.4,Auckland
O-00160,C-053,2025-03-28,2025-03-31,P-036,B-0034,6,32.28,Wellington
O-00368,C-031,2025-03-28,2025-03-28,P-018,B-0099,24,106.32,Otago
O-00623,C-040,2025-03-28,2025-03-30,P-014,B-0190,36,217.8,Otago
O-01231,C-046,2025-03-28,2025-03-31,P-044,B-0186,36,178.2,Otago
O-01234,C-065,2025-03-28,2025-03-29,P-019,B-0166,6,35.28,Auckland
O-01312,C-067,2025-03-28,2025-03-31,P-003,B-0103,12,71.88,Otago
O-00649,C-035,2025-03-29,2025-04-01,P-030,B-0144,24,53.52,Bay of Plenty
O-00689,C-062,2025-03-29,2025-03-30,P-017,B-0198,36,177.48,Auckland
O-00715,C-010,2025-03-29,2025-03-29,P-046,,24,315.36,Canterbury
O-00945,C-041,2025-03-29,2025-04-01,P-049,B-0031,6,45.78,Auckland
O-01054,C-023,2025-03-29,2025-03-31,P-005,,6,29.82,Otago
O-00078,C-007,2025-03-30,2025-04-02,P-007,B-0062,48,275.52,Canterbury
O-00210,C-060,2025-03-30,2025-03-30,P-032,,36,148.68,Bay of Plenty
O-00659,C-054,2025-03-30,2025-03-30,P-002,B-0007,12,41.61,Wellington
O-00692,C-019,2025-03-30,2025-04-02,P-033,B-0236,36,302.4,Canterbury
O-01010,C-022,2025-03-30,2025-04-01,P-043,B-0184,36,216.36,Auckland
O-00683,C-057,2025-03-31,,P-033,B-0236,24,201.6,Auckland
O-01394,C-034,2025-03-31,2025-04-03,P-020,B-0068,24,151.2,Auckland
O-00074,C-025,2025-04-01,2025-04-04,P-028,,48,285.6,Canterbury
O-00233,C-013,2025-04-01,2025-04-04,P-001,B-0163,36,217.08,Canterbury
O-01303,C-008,2025-04-01,2025-04-04,P-012,B-0241,72,280.08,Wellington
O-00400,C-049,2025-04-02,2025-04-02,P-041,,12,81.4,Canterbury
O-00678,C-024,2025-04-03,2025-04-03,P-014,B-0050,24,145.2,Bay of Plenty
O-01100,C-015,2025-04-03,2025-04-05,P-019,,72,423.36,Auckland
O-01340,C-010,2025-04-03,2025-04-06,P-021,B-0229,48,470.4,Canterbury
O-01430,C-032,2025-04-03,2025-04-05,P-026,B-0212,6,12.9,Auckland
O-01719,C-041,2025-04-03,2025-04-05,P-051,B-0189,72,342.0,Auckland
O-00017,C-005,2025-04-04,,P-007,,36,206.64,Wellington
O-00953,C-022,2025-04-04,2025-04-07,P-025,,24,228.24,Bay of Plenty
O-01003,C-002,2025-04-04,2025-04-07,P-023,B-0232,12,63.6,Canterbury
O-01068,C-033,2025-04-04,2025-04-06,P-020,B-0124,36,226.8,Canterbury
O-01435,C-006,2025-04-04,2025-04-05,P-035,B-0049,48,189.12,Wellington
O-01519,C-032,2025-04-04,2025-04-05,P-010,B-0176,12,20.52,Auckland
O-01575,C-004,2025-04-04,2025-04-06,P-021,B-0024,6,58.8,Waikato
O-00302,C-029,2025-05-04,2025-05-06,P-008,B-0290,24,57.6,Bay of Plenty
O-00537,C-018,2025-04-05,2025-04-07,P-031,B-0192,72,229.68,Auckland
O-00741,C-020,2025-04-05,2025-04-07,P-009,B-0112,72,159.12,Auckland
O-00791,C-066,2025-04-05,2025-04-06,P-004,B-0066,36,69.43,Auckland
O-01019,C-054,2025-04-05,2025-04-08,P-006,B-0252,24,133.2,Auckland
O-01092,C-007,2025-04-05,2025-04-08,P-027,B-0032,72,230.4,Canterbury
O-01323,C-037,2025-04-05,2025-04-06,P-027,B-0032,24,72.96,Waikato
O-01354,C-050,2025-04-05,2025-04-07,P-009,B-0112,6,13.26,Canterbury
O-01472,C-005,2025-04-05,2025-04-07,P-014,B-0050,36,217.8,Auckland
O-00438,C-029,2025-04-06,2025-04-08,P-048,B-0218,12,79.69,Bay of Plenty
O-00566,C-001,2025-04-06,2025-04-08,P-020,B-0116,48,287.28,Auckland
O-00761,C-047,2025-04-06,2025-04-09,P-034,,24,66.96,Canterbury
O-01385,C-032,2025-04-06,,P-046,B-0078,24,299.59,Otago
O-01422,C-069,2025-04-06,2025-04-06,P-050,B-0200,36,147.6,Bay of Plenty
O-00637,C-016,2025-04-07,2025-04-08,P-045,B-0135,12,58.08,Canterbury
O-00666,C-048,2025-04-07,2025-04-09,P-028,B-0061,24,142.8,Auckland
O-01450,C-041,2025-04-07,2025-04-09,P-007,,24,130.87,Auckland
O-00310,C-032,2025-04-08,2025-04-08,P-006,B-0076,36,199.8,Auckland
O-00753,C-009,2025-04-08,2025-04-09,P-036,B-0004,72,387.36,Auckland
O-01238,C-018,2025-04-08,2025-04-11,P-008,,24,57.6,Auckland
O-00068,C-015,2025-04-09,2025-04-09,P-028,,72,428.4,Bay of Plenty
O-00362,C-027,2025-04-09,2025-04-09,P-043,,24,144.24,Otago
O-00490,C-051,2025-04-09,2025-04-10,P-040,,12,71.4,Otago
O-00723,C-056,2025-04-09,2025-04-11,P-042,,24,74.56,Canterbury
O-01463,C-031,2025-04-09,2025-04-12,P-031,B-0219,6,19.14,Otago
O-00217,C-022,2025-10-04,2025-10-04,P-037,B-0285,36,266.04,Canterbury
O-01341,C-045,2025-04-10,2025-04-12,P-035,B-0046,24,94.56,Bay of Plenty
O-00235,C-022,2025-04-11,2025-04-13,P-007,B-0052,6,34.44,Auckland
O-00713,C-033,2025-04-11,2025-04-13,P-004,,24,48.72,Canterbury
O-00763,C-070,2025-04-11,2025-04-13,P-049,B-0031,36,274.68,Otago
O-00934,C-035,2025-04-11,2025-04-14,P-007,B-0147,24,137.76,Canterbury
O-01036,C-016,2025-04-11,2025-04-13,P-010,,48,77.98,Canterbury
O-00510,C-065,2025-04-12,2025-04-15,P-009,B-0093,6,13.26,Auckland
O-00835,C-036,2025-04-12,2025-04-14,P-040,B-0033,48,271.32,Otago
O-01218,C-032,2025-04-12,2025-04-13,P-035,B-0039,24,94.56,Auckland
O-01595,C-006,2025-04-12,2025-04-13,P-028,B-0061,24,142.8,Wellington
O-00123,C-033,2025-04-13,2025-04-13,P-023,B-0079,6,31.8,Canterbury
O-00593,C-045,2025-04-13,2025-04-15,P-015,B-0173,24,161.76,Auckland
O-00656,C-044,2025-04-13,2025-04-16,P-023,B-0283,24,127.2,Otago
O-00765,C-032,2025-04-13,2025-04-15,P-038,B-0152,12,40.32,Auckland
O-01461,C-061,2025-04-13,2025-04-14,P-022,B-0259,48,636.96,Auckland
O-01768,C-064,2025-04-13,2025-04-16,P-032,,48,198.24,Bay of Plenty
O-00735,C-011,2025-04-14,2025-04-14,P-007,B-0127,12,65.44,Otago
O-01198,C-070,2025-04-14,2025-04-17,P-020,B-0124,24,151.2,Otago
O-01486,C-006,2025-04-14,2025-04-16,P-043,B-0002,72,432.72,Wellington
O-00121,C-068,2025-04-15,2025-04-17,P-032,B-0092,24,99.12,Waikato
O-00292,C-042,2025-04-15,2025-04-17,P-024,B-0278,48,256.32,Wellington
O-00811,C-010,2025-04-15,2025-04-18,P-047,,72,924.48,Canterbury
O-01693,C-032,2025-04-15,2025-04-17,P-013,B-0205,48,156.96,Auckland
O-00084,C-040,2025-04-16,2025-04-16,P-042,B-0072,72,235.44,Otago
O-00156,C-057,2025-04-16,2025-04-18,P-016,B-0005,24,139.08,Auckland
O-00269,C-008,2025-04-16,2025-04-18,P-011,B-0298,36,183.6,Wellington
O-00107,C-059,2025-04-17,2025-04-17,P-038,B-0242,24,80.64,Wellington
O-01779,C-009,2025-04-17,2025-04-17,P-029,,24,47.28,Auckland
O-00014,C-016,2025-04-18,2025-04-19,P-008,B-0169,24,54.72,Canterbury
O-01163,C-032,2025-04-18,2025-04-20,P-029,B-0222,72,141.84,Bay of Plenty
O-01700,C-064,2025-04-18,2025-04-18,P-018,B-0099,6,26.58,Auckland
O-00307,C-029,2025-04-19,2025-04-20,P-034,B-0086,24,66.96,Bay of Plenty
O-00321,C-032,2025-04-19,2025-04-22,P-020,B-0116,6,37.8,Otago
O-01007,C-024,2025-04-19,2025-04-20,P-037,B-0209,36,252.74,Bay of Plenty
O-01147,C-064,2025-04-19,2025-04-22,P-025,B-0128,24,228.24,Auckland
O-00029,C-064,2025-04-20,2025-04-22,P-046,B-0037,24,315.36,Auckland
O-00154,C-036,2025-04-20,2025-04-21,P-029,B-0264,48,94.56,Canterbury
O-00865,C-040,2025-04-20,2025-04-22,P-026,B-0100,24,51.6,Otago
O-00985,C-053,2025-04-20,2025-04-21,P-008,B-0206,24,57.6,Wellington
O-01314,C-036,2025-04-20,2025-04-20,P-030,,24,50.84,Otago
O-00118,C-052,2025-04-21,2025-04-21,P-016,B-0071,72,439.2,Bay of Plenty
O-00825,C-059,2025-04-21,2025-04-23,P-044,B-0210,12,56.43,Wellington
O-01157,C-048,2025-04-21,2025-04-23,P-051,B-0231,48,216.6,Auckland
O-00099,C-039,2025-04-22,2025-04-23,P-017,B-0215,24,118.32,Auckland
O-00244,C-063,2025-04-22,2025-04-24,P-035,B-0164,72,283.68,Bay of Plenty
O-00480,C-035,2025-04-22,2025-04-23,P-048,B-0282,24,167.76,Canterbury
O-01109,C-015,2025-04-22,2025-04-25,P-037,,72,505.48,Auckland
O-01279,C-002,2025-04-22,2025-04-23,P-012,B-0141,72,280.08,Otago
O-01318,C-003,2025-04-22,2025-04-23,P-039,B-0244,12,86.52,Wellington
O-01401,C-030,2025-04-22,2025-04-24,P-003,,36,204.86,Bay of Plenty
O-00157,C-033,2025-04-23,2025-04-23,P-025,B-0128,6,54.21,Canterbury
O-00213,C-026,2025-04-23,2025-04-23,P-016,B-0005,24,146.4,Waikato
O-00981,C-008,2025-04-23,2025-04-23,P-036,B-0004,36,193.68,Waikato
O-01009,C-015,2025-04-23,2025-04-25,P-029,B-0081,72,141.84,Canterbury
O-01203,C-070,2025-04-23,2025-04-24,P-050,B-0200,12,49.2,Otago
O-01646,C-045,2025-04-23,2025-04-23,P-027,B-0032,48,145.92,Canterbury
O-00054,C-046,2025-04-24,2025-04-26,P-029,B-0288,6,11.23,Wellington
O-00714,C-030,2025-04-24,2025-04-24,P-005,B-0224,36,178.92,Bay of Plenty
O-01582,C-064,2025-04-24,2025-04-26,P-021,B-0229,24,235.2,Wellington
O-00782,C-016,2025-04-25,2025-04-27,P-016,B-0145,72,417.24,Canterbury
O-00890,C-027,2025-04-25,2025-04-25,P-011,B-0298,72,367.2,Otago
O-01273,C-020,2025-04-25,2025-04-26,P-009,B-0112,48,106.08,Canterbury
O-01535,C-048,2025-04-25,2025-04-26,P-017,,24,118.32,Auckland
O-00530,C-039,2025-04-26,2025-04-29,P-044,B-0186,24,112.86,Wellington
O-01627,C-019,2025-04-26,2025-04-26,P-044,,36,178.2,Canterbury
O-00451,C-020,2025-04-27,2025-04-30,P-035,B-0048,12,44.92,Otago
O-00454,C-011,2025-04-27,2025-04-28,P-041,,12,85.68,Otago
O-00574,C-013,2025-04-27,2025-04-27,P-051,B-0189,72,342.0,Otago
O-01342,C-011,2025-04-27,2025-04-29,P-048,B-0218,72,503.28,Wellington
O-01509,C-054,2025-04-27,2025-04-27,P-003,B-0103,6,34.14,Wellington
O-00064,C-047,2025-04-28,2025-04-30,P-018,,72,318.96,Canterbury
O-00395,C-030,2025-04-28,2025-04-28,P-011,B-0298,24,122.4,Bay of Plenty
O-00488,C-032,2025-04-28,2025-05-01,P-046,B-0037,12,157.68,Auckland
O-00332,C-058,2025-04-29,2025-04-29,P-041,B-0266,12,85.68,Canterbury
O-00595,C-045,2025-04-29,2025-04-30,P-014,B-0190,36,217.8,Canterbury
O-00866,C-061,2025-04-29,2025-04-30,P-027,B-0032,72,230.4,Auckland
O-01690,C-027,2025-04-29,2025-04-30,P-035,,24,89.83,Otago
O-00033,C-030,2025-04-30,2025-05-01,P-021,B-0277,48,470.4,Bay of Plenty
O-00147,C-059,2025-04-30,2025-05-01,P-024,,48,256.32,Wellington
O-00680,C-069,2025-04-30,2025-05-03,P-025,B-0294,48,433.66,Bay of Plenty
O-01268,C-044,2025-04-30,2025-05-01,P-029,,12,23.64,Otago
O-01738,C-065,2025-04-30,2025-05-03,P-024,B-0153,24,128.16,Auckland
O-00286,C-058,2025-05-01,2025-05-01,P-013,B-0205,36,111.83,Canterbury
O-01154,C-043,2025-05-01,2025-05-03,P-017,B-0253,72,354.96,Otago
O-00027,C-018,2025-05-02,2025-05-05,P-003,B-0044,72,431.28,Auckland
O-00737,C-043,2025-05-02,2025-05-02,P-020,B-0019,36,226.8,Otago
O-01091,C-024,2025-05-02,2025-05-03,P-005,,6,29.82,Bay of Plenty
O-01414,C-032,2025-05-02,2025-05-03,P-006,B-0185,36,189.81,Auckland
O-01471,C-036,2025-05-02,2025-05-04,P-014,B-0190,6,34.48,Otago
O-01616,C-033,2025-05-02,2025-05-02,P-006,,24,133.2,Canterbury
O-01729,C-011,2025-05-02,2025-05-02,P-022,B-0125,24,318.48,Otago
O-01754,C-027,2025-05-02,2025-05-03,P-004,B-0182,24,48.72,Wellington
O-01762,C-048,2025-05-02,2025-05-03,P-005,B-0134,24,113.32,Auckland
O-00216,C-048,2025-03-05,2025-03-05,P-040,B-0101,12,71.4,Auckland
O-00686,C-015,2025-05-03,,P-045,B-0030,12,58.08,Auckland
O-00907,C-058,2025-05-04,2025-05-05,P-027,B-0032,6,19.2,Canterbury
O-01137,C-028,2025-05-04,2025-05-05,P-023,,48,241.68,Otago
O-01630,C-013,2025-05-04,2025-05-04,P-034,B-0279,24,66.96,Canterbury
O-01692,C-007,2025-05-04,2025-05-05,P-016,,6,34.77,Waikato
O-00179,C-014,2025-05-05,2025-05-05,P-013,B-0291,36,117.72,Canterbury
O-00349,C-051,2025-05-05,2025-05-07,P-018,B-0133,12,53.16,Otago
O-00860,C-070,2025-05-05,2025-05-07,P-013,,24,78.48,Otago
O-00388,C-027,2025-05-06,2025-05-09,P-016,B-0131,6,34.77,Otago
O-00471,C-070,2025-05-06,2025-05-06,P-031,B-0192,24,76.56,Wellington
O-01617,C-042,2025-05-06,2025-05-07,P-035,B-0039,12,47.28,Wellington
O-01222,C-026,2025-05-07,,P-045,,36,165.53,Waikato
O-00687,C-048,2025-05-08,2025-05-11,P-045,B-0137,24,116.16,Auckland
O-01278,C-002,2025-05-08,2025-05-09,P-023,B-0079,24,127.2,Canterbury
O-00662,C-050,2025-05-09,2025-05-10,P-003,B-0207,12,68.29,Canterbury
O-00991,C-042,2025-05-09,2025-05-09,P-050,B-0027,24,98.4,Canterbury
O-00397,C-042,2025-05-10,2025-05-13,P-012,B-0267,24,93.36,Wellington
O-00453,C-070,2025-05-10,2025-05-13,P-024,B-0065,12,60.88,Otago
O-00483,C-032,2025-10-05,2025-10-07,P-031,B-0292,36,114.84,Auckland
O-01641,C-023,2025-05-10,2025-05-13,P-039,B-0244,24,173.04,Auckland
O-00106,C-028,2025-11-05,2025-11-06,P-014,B-0126,24,145.2,Otago
O-00232,C-012,2025-05-11,2025-05-13,P-027,B-0032,72,230.4,Otago
O-00619,C-061,2025-05-11,2025-05-14,P-010,,24,38.99,Auckland
O-00815,C-037,2025-05-11,2025-05-13,P-037,B-0209,12,88.68,Waikato
O-01015,C-068,2025-05-12,2025-05-12,P-048,B-0174,24,167.76,Waikato
O-01468,C-011,2025-05-12,2025-05-13,P-033,B-0221,48,403.2,Otago
O-01734,C-007,2025-05-12,2025-05-12,P-004,B-0117,24,48.72,Otago
O-00402,C-070,2025-05-13,2025-05-16,P-004,B-0066,24,48.72,Otago
O-00627,C-020,2025-05-13,2025-05-14,P-026,B-0212,48,103.2,Canterbury
O-00948,C-019,2025-05-13,2025-05-14,P-005,B-0224,6,29.82,Canterbury
O-01285,C-029,2025-05-13,2025-05-14,P-010,,72,123.12,Bay of Plenty
O-00527,C-056,2025-05-14,,P-001,B-0268,72,434.16,Canterbury
O-00549,C-066,2025-05-14,2025-05-17,P-017,B-0253,6,29.58,Auckland
O-00612,C-008,2025-05-14,2025-05-14,P-021,,24,223.44,Wellington
O-01142,C-038,2025-05-14,2025-05-17,P-047,B-0121,6,77.04,Wellington
O-01183,C-053,2025-05-14,2025-05-17,P-018,B-0021,6,25.25,Wellington
O-00272,C-048,2025-05-15,,P-011,B-0298,48,244.8,Auckland
O-00374,C-062,2025-05-15,2025-05-17,P-039,,48,328.78,Canterbury
O-00690,C-002,2025-05-15,2025-05-17,P-051,B-0082,36,162.45,Canterbury
O-00790,C-030,2025-05-15,2025-05-18,P-004,B-0191,24,46.28,Bay of Plenty
O-00864,C-010,2025-05-15,2025-05-18,P-037,,36,266.04,Bay of Plenty
O-01033,C-024,2025-05-15,2025-05-16,P-029,,6,11.82,Bay of Plenty
O-01623,C-030,2025-05-15,2025-05-18,P-033,B-0143,36,302.4,Bay of Plenty
O-00632,C-066,2025-05-16,2025-05-16,P-021,B-0277,72,705.6,Auckland
O-00729,C-064,2025-05-16,2025-05-16,P-044,B-0210,48,237.6,Auckland
O-01311,C-006,2025-05-17,,P-050,B-0043,6,23.37,Otago
O-01634,C-022,2025-05-17,2025-05-20,P-051,B-0220,12,57.0,Canterbury
O-01206,C-032,2025-05-18,2025-05-21,P-007,B-0249,6,34.44,Auckland
O-01491,C-014,2025-05-18,2025-05-19,P-051,B-0189,24,114.0,Canterbury
O-01770,C-034,2025-05-18,,P-036,B-0255,72,387.36,Auckland
O-00125,C-051,2025-05-19,2025-05-19,P-001,B-0187,12,72.36,Otago
O-01773,C-028,2025-05-19,2025-05-19,P-029,B-0059,24,47.28,Otago
O-00475,C-045,2025-05-20,2025-05-22,P-036,B-0004,24,122.66,Canterbury
O-01193,C-021,2025-05-20,2025-05-21,P-033,B-0221,36,287.28,Auckland
O-00105,C-064,2025-05-21,2025-05-22,P-044,B-0186,48,237.6,Auckland
O-00188,C-009,2025-05-21,2025-05-22,P-046,B-0037,12,157.68,Auckland
O-00195,C-013,2025-05-21,2025-05-21,P-015,B-0173,24,161.76,Canterbury
O-01196,C-033,2025-05-21,2025-05-24,P-008,B-0026,72,172.8,Canterbury
O-01580,C-027,2025-05-21,,P-027,,24,76.8,Otago
O-00437,C-015,2025-05-22,2025-05-25,P-019,,24,141.12,Auckland
O-00135,C-030,2025-05-23,2025-05-24,P-008,B-0206,24,57.6,Bay of Plenty
O-00208,C-032,2025-05-24,2025-05-26,P-049,B-0246,6,45.78,Auckland
O-00634,C-014,2025-05-24,2025-05-24,P-022,B-0106,48,636.96,Canterbury
O-00138,C-018,2025-05-25,2025-05-26,P-022,B-0022,24,318.48,Auckland
O-00352,C-041,2025-05-25,2025-05-25,P-010,B-0158,24,41.04,Auckland
O-01160,C-065,2025-05-25,2025-05-25,P-007,B-0052,24,137.76,Auckland
O-00300,C-070,2025-05-26,2025-05-26,P-041,B-0148,72,514.08,Otago
O-00900,C-055,2025-05-26,2025-05-28,P-004,B-0117,36,73.08,Wellington
O-00060,C-061,2025-05-27,2025-05-29,P-020,B-0124,24,151.2,Auckland
O-00228,C-005,2025-05-27,2025-05-30,P-027,B-0032,36,115.2,Wellington
O-00270,C-069,2025-05-27,2025-05-30,P-044,B-0186,6,28.21,Bay of Plenty
O-00912,C-060,2025-05-27,2025-05-29,P-043,B-0197,6,36.06,Auckland
O-00932,C-034,2025-05-27,2025-05-27,P-010,B-0014,24,41.04,Auckland
O-00406,C-049,2025-05-28,2025-05-31,P-025,,48,456.48,Canterbury
O-00928,C-036,2025-05-28,2025-05-28,P-027,B-0032,36,109.44,Otago
O-01333,C-052,2025-05-28,2025-05-28,P-040,B-0146,48,285.6,Bay of Plenty
O-00562,C-004,2025-05-29,2025-05-29,P-042,,12,39.24,Otago
O-01212,C-013,2025-05-29,2025-06-01,P-049,B-0225,48,366.24,Canterbury
O-01014,C-038,2025-05-30,2025-05-31,P-014,B-0050,12,72.6,Wellington
O-01208,C-026,2025-05-30,2025-06-02,P-012,,6,23.34,Waikato
O-00519,C-020,2025-05-31,2025-06-01,P-019,B-0166,36,211.68,Bay of Plenty
O-00551,C-002,2025-05-31,2025-06-01,P-012,,12,46.68,Canterbury
O-00646,C-048,2025-05-31,2025-06-02,P-022,,36,477.72,Auckland
O-01438,C-063,2025-05-31,2025-06-03,P-016,B-0145,12,73.2,Bay of Plenty
O-01451,C-019,2025-05-31,2025-06-01,P-034,,72,200.88,Canterbury
O-01702,C-064,2025-05-31,2025-06-02,P-040,B-0171,72,428.4,Auckland
O-01711,C-057,2025-05-31,2025-06-01,P-020,B-0019,36,226.8,Auckland
O-00317,C-046,2025-06-01,,P-047,B-0160,24,308.16,Otago
O-00722,C-060,2025-06-02,2025-06-05,P-014,B-0060,6,36.3,Auckland
O-00817,C-038,2025-06-02,2025-06-05,P-047,B-0162,48,616.32,Wellington
O-01662,C-042,2025-02-06,2025-02-08,P-018,B-0083,72,318.96,Wellington
O-00119,C-040,2025-06-03,2025-06-05,P-028,B-0061,48,285.6,Otago
O-00132,C-060,2025-06-03,2025-06-05,P-046,B-0078,48,630.72,Auckland
O-00047,C-054,2025-06-04,,P-019,B-0166,24,141.12,Wellington
O-00110,C-060,2025-06-04,2025-06-04,P-022,,24,302.56,Auckland
O-00769,C-032,2025-06-04,2025-06-04,P-043,,12,72.12,Auckland
O-00785,C-026,2025-06-04,2025-06-06,P-014,B-0204,24,145.2,Waikato
O-00841,C-041,2025-06-04,2025-06-07,P-033,B-0236,24,191.52,Auckland
O-01393,C-054,2025-06-04,2025-06-06,P-051,,48,228.0,Wellington
O-01643,C-040,2025-06-04,2025-06-05,P-012,B-0267,48,186.72,Otago
O-01698,C-068,2025-06-04,2025-06-05,P-047,B-0077,48,616.32,Waikato
O-01755,C-004,2025-04-06,2025-04-08,P-011,B-0298,48,232.56,Otago
O-00573,C-035,2025-05-06,2025-05-09,P-043,B-0184,36,205.54,Canterbury
O-01654,C-050,2025-06-05,2025-06-07,P-012,B-0208,24,93.36,Canterbury
O-01681,C-048,2025-06-05,2025-06-07,P-002,B-0172,24,87.6,Auckland
O-00081,C-056,2025-06-06,2025-06-08,P-032,B-0295,48,198.24,Canterbury
O-00555,C-057,2025-06-06,2025-06-06,P-035,B-0049,24,94.56,Auckland
O-01164,C-006,2025-06-06,2025-06-07,P-026,B-0136,24,51.6,Wellington
O-01529,C-068,2025-06-06,2025-06-06,P-015,B-0173,24,161.76,Waikato
O-00460,C-043,2025-06-07,2025-06-08,P-014,B-0050,36,217.8,Otago
O-01167,C-001,2025-06-07,2025-06-10,P-035,,12,47.28,Otago
O-01299,C-032,2025-06-07,2025-06-08,P-008,B-0214,48,115.2,Auckland
O-01398,C-063,2025-06-07,2025-06-09,P-037,B-0257,24,177.36,Bay of Plenty
O-00035,C-036,2025-06-08,2025-06-08,P-004,B-0117,72,146.16,Otago
O-00759,C-015,2025-06-08,2025-06-11,P-050,,24,93.48,Auckland
O-00980,C-012,2025-06-08,2025-06-11,P-016,B-0145,6,36.6,Otago
O-01426,C-005,2025-06-08,2025-06-08,P-046,B-0078,24,299.59,Wellington
O-00103,C-049,2025-09-06,2025-09-06,P-026,B-0284,6,12.25,Canterbury
O-00297,C-068,2025-06-09,2025-06-09,P-007,B-0127,36,206.64,Waikato
O-00764,C-007,2025-06-09,2025-06-09,P-018,,6,25.25,Waikato
O-01291,C-049,2025-06-09,2025-06-12,P-015,B-0006,36,230.51,Auckland
O-01352,C-008,2025-06-09,2025-06-10,P-031,B-0045,6,19.14,Wellington
O-01386,C-021,2025-06-09,2025-06-10,P-028,B-0061,72,406.98,Auckland
O-01566,C-018,2025-06-09,2025-06-12,P-006,B-0151,36,199.8,Auckland
O-00043,C-027,2025-06-10,2025-06-12,P-050,B-0027,12,46.74,Otago
O-00196,C-025,2025-06-10,2025-06-12,P-018,B-0057,6,26.58,Canterbury
O-00306,C-043,2025-06-10,2025-06-11,P-027,B-0032,24,76.8,Otago
O-00360,C-022,2025-06-10,2025-06-13,P-045,B-0138,6,29.04,Canterbury
O-00470,C-006,2025-10-06,2025-10-08,P-026,B-0284,48,103.2,Wellington
O-00592,C-061,2025-06-10,2025-06-12,P-025,B-0226,12,114.12,Auckland
O-00909,C-055,2025-10-06,2025-10-09,P-028,B-0061,6,35.7,Wellington
O-01517,C-010,2025-06-10,2025-06-13,P-010,B-0091,72,116.96,Canterbury
O-00200,C-005,2025-06-11,2025-06-12,P-037,B-0285,24,168.49,Wellington
O-00299,C-026,2025-06-11,2025-06-14,P-006,B-0275,72,379.62,Waikato
O-00485,C-026,2025-06-11,2025-06-12,P-034,B-0008,48,133.92,Waikato
O-00867,C-014,2025-11-06,2025-11-06,P-042,B-0102,6,19.62,Canterbury
O-00917,C-056,2025-06-11,2025-06-11,P-011,B-0298,12,61.2,Waikato
O-00094,C-051,2025-06-12,2025-06-13,P-006,B-0243,6,31.63,Otago
O-00276,C-021,2025-06-12,2025-06-14,P-029,B-0059,48,94.56,Auckland
O-00837,C-058,2025-06-12,2025-06-15,P-004,,72,146.16,Canterbury
O-00896,C-068,2025-06-12,2025-06-14,P-026,B-0284,72,154.8,Waikato
O-01621,C-022,2025-06-12,2025-06-13,P-003,B-0207,48,287.52,Canterbury
O-00773,C-037,2025-06-13,2025-06-15,P-008,B-0214,24,57.6,Waikato
O-01008,C-002,2025-06-13,2025-06-16,P-012,B-0241,24,93.36,Canterbury
O-01696,C-013,2025-06-13,2025-06-16,P-012,B-0142,36,133.04,Canterbury
O-01750,C-009,2025-06-13,2025-06-16,P-046,,24,299.59,Otago
O-00151,C-019,2025-06-14,2025-06-17,P-051,B-0189,6,28.5,Canterbury
O-00261,C-025,2025-06-14,2025-06-16,P-003,B-0103,72,431.28,Bay of Plenty
O-00328,C-011,2025-06-14,2025-06-14,P-012,B-0028,24,93.36,Otago
O-00992,C-003,2025-06-14,2025-06-16,P-007,B-0249,72,413.28,Otago
O-00380,C-035,2025-06-15,2025-06-16,P-046,B-0037,24,299.59,Canterbury
O-00434,C-023,2025-06-15,2025-06-15,P-021,B-0167,72,705.6,Bay of Plenty
O-00559,C-002,2025-06-15,2025-06-15,P-012,B-0141,72,280.08,Canterbury
O-01357,C-004,2025-06-15,2025-06-17,P-016,B-0145,12,73.2,Otago
O-01384,C-027,2025-06-15,2025-06-18,P-045,B-0137,72,348.48,Auckland
O-01176,C-019,2025-06-16,2025-06-18,P-007,B-0052,36,206.64,Canterbury
O-01244,C-027,2025-06-16,2025-06-19,P-025,B-0226,6,57.06,Otago
O-01283,C-068,2025-06-16,2025-06-19,P-002,B-0069,24,87.6,Wellington
O-00008,C-011,2025-06-17,2025-06-18,P-022,B-0170,72,955.44,Otago
O-00892,C-015,2025-06-17,2025-06-20,P-039,,6,43.26,Auckland
O-01184,C-007,2025-06-17,2025-06-18,P-027,B-0032,72,230.4,Waikato
O-01637,C-020,2025-06-17,2025-06-19,P-014,B-0050,72,435.6,Auckland
O-00062,C-008,2025-06-18,2025-06-20,P-038,B-0242,24,80.64,Wellington
O-00671,C-032,2025-06-18,2025-06-20,P-024,B-0278,48,256.32,Auckland
O-01496,C-015,2025-06-18,2025-06-18,P-030,B-0258,12,25.42,Bay of Plenty
O-00181,C-019,2025-06-19,2025-06-22,P-035,B-0048,24,89.83,Canterbury
O-00919,C-058,2025-06-19,2025-06-19,P-050,B-0027,6,24.6,Canterbury
O-01235,C-006,2025-06-19,2025-06-19,P-015,B-0165,24,161.76,Wellington
O-01351,C-021,2025-06-19,2025-06-19,P-044,B-0262,24,118.8,Auckland
O-00253,C-014,2025-06-20,2025-06-23,P-037,,24,177.36,Canterbury
O-00295,C-048,2025-06-20,2025-06-23,P-028,B-0061,6,35.7,Auckland
O-01194,C-063,2025-06-20,,P-013,B-0035,24,78.48,Bay of Plenty
O-01243,C-052,2025-06-20,2025-06-23,P-034,B-0281,12,31.81,Bay of Plenty
O-00023,C-069,2025-06-21,2025-06-22,P-044,B-0186,6,29.7,Bay of Plenty
O-00153,C-058,2025-06-21,2025-06-23,P-043,B-0197,6,34.26,Canterbury
O-00197,C-066,2025-06-21,2025-06-24,P-031,B-0219,12,38.28,Auckland
O-00254,C-056,2025-06-21,2025-06-24,P-038,B-0152,12,40.32,Canterbury
O-01016,C-036,2025-06-21,2025-06-22,P-004,B-0067,72,146.16,Otago
O-01129,C-002,2025-06-21,2025-06-24,P-016,,72,439.2,Canterbury
O-01713,C-049,2025-06-21,2025-06-22,P-022,B-0259,24,302.56,Auckland
O-00424,C-005,2025-06-22,2025-06-25,P-038,B-0152,72,241.92,Wellington
O-00798,C-068,2025-06-22,2025-06-25,P-018,B-0017,24,101.0,Waikato
O-01004,C-024,2025-06-22,2025-06-23,P-004,B-0087,72,146.16,Bay of Plenty
O-01377,C-056,2025-06-23,2025-06-24,P-049,B-0225,24,183.12,Canterbury
O-00568,C-016,2025-06-24,2025-06-25,P-026,B-0212,24,51.6,Canterbury
O-00705,C-031,2025-06-24,2025-06-24,P-023,B-0232,36,181.26,Waikato
O-01432,C-004,2025-06-24,2025-06-27,P-013,B-0035,72,235.44,Otago
O-00615,C-062,2025-06-25,2025-06-28,P-030,,36,80.28,Wellington
O-00732,C-060,2025-06-25,2025-06-25,P-016,B-0145,48,278.16,Auckland
O-01022,C-051,2025-06-25,2025-06-25,P-045,B-0179,36,165.53,Otago
O-01213,C-052,2025-06-25,2025-06-26,P-045,B-0289,24,116.16,Bay of Plenty
O-01216,C-049,2025-06-25,2025-06-25,P-049,B-0129,12,91.56,Canterbury
O-01421,C-014,2025-06-25,2025-06-26,P-042,B-0063,48,156.96,Canterbury
O-01726,C-014,2025-06-25,2025-06-27,P-005,B-0134,24,119.28,Canterbury
O-01101,C-060,2025-06-26,2025-06-29,P-016,B-0075,12,69.54,Auckland
O-01104,C-048,2025-06-26,2025-06-29,P-008,B-0290,36,86.4,Auckland
O-01227,C-061,2025-06-27,2025-06-28,P-008,B-0290,12,27.36,Auckland
O-00479,C-050,2025-06-28,2025-06-29,P-003,B-0150,48,287.52,Canterbury
O-00872,C-006,2025-06-28,2025-06-30,P-003,B-0203,24,143.76,Wellington
O-01237,C-034,2025-06-28,2025-07-01,P-027,B-0032,36,109.44,Auckland
O-00787,C-011,2025-06-30,2025-07-01,P-007,,6,34.44,Otago
O-01251,C-038,2025-06-30,,P-050,B-0114,6,24.6,Wellington
O-00341,C-034,2025-07-01,2025-07-03,P-049,,12,91.56,Auckland
O-01751,C-042,2025-07-01,2025-07-04,P-011,B-0298,6,30.6,Wellington
O-00513,C-043,2025-07-02,2025-07-03,P-008,B-0026,24,57.6,Otago
O-00644,C-056,2025-07-02,2025-07-05,P-028,B-0061,48,285.6,Canterbury
O-01459,C-048,2025-07-02,2025-07-04,P-045,B-0179,24,116.16,Auckland
O-01585,C-055,2025-07-02,2025-07-05,P-036,B-0034,72,387.36,Wellington
O-00577,C-034,2025-07-03,2025-07-04,P-041,B-0254,36,244.19,Bay of Plenty
O-01110,C-013,2025-07-03,,P-034,,6,15.9,Canterbury
O-01220,C-012,2025-07-03,2025-07-05,P-012,B-0267,24,93.36,Otago
O-01049,C-019,2025-07-04,2025-07-04,P-010,B-0272,48,82.08,Canterbury
O-00057,C-037,2025-07-06,2025-07-09,P-029,B-0081,48,94.56,Waikato
O-00624,C-020,2025-07-06,2025-07-09,P-011,,6,29.07,Auckland
O-01081,C-007,2025-07-06,2025-07-07,P-024,B-0274,72,365.26,Waikato
O-00784,C-058,2025-07-07,2025-07-07,P-023,B-0015,48,254.4,Canterbury
O-00793,C-059,2025-07-07,2025-07-09,P-021,,72,705.6,Wellington
O-00923,C-035,2025-07-08,2025-07-11,P-032,B-0183,36,141.25,Canterbury
O-00429,C-002,2025-07-09,2025-07-09,P-030,B-0258,24,53.52,Canterbury
O-01156,C-003,2025-07-09,2025-07-09,P-001,,24,144.72,Wellington
O-01262,C-005,2025-09-07,2025-09-08,P-037,B-0161,12,88.68,Wellington
O-01593,C-036,2025-07-09,2025-07-12,P-002,B-0073,24,87.6,Otago
O-00005,C-038,2025-07-10,2025-07-10,P-019,B-0237,48,268.13,Wellington
O-00137,C-014,2025-07-10,2025-07-10,P-033,,72,604.8,Otago
O-00214,C-022,2025-07-10,2025-07-10,P-043,B-0002,24,137.03,Canterbury
O-01688,C-047,2025-07-10,2025-07-10,P-035,B-0164,24,89.83,Canterbury
O-00114,C-024,2025-07-11,2025-07-13,P-019,B-0107,36,201.1,Wellington
O-00211,C-051,2025-07-11,2025-07-11,P-035,B-0227,48,189.12,Otago
O-01277,C-017,2025-07-11,2025-07-13,P-031,B-0245,24,76.56,Auckland
O-01710,C-032,2025-07-11,2025-07-13,P-047,B-0121,24,308.16,Auckland
O-00435,C-029,2025-07-12,2025-07-14,P-029,B-0059,24,44.92,Bay of Plenty
O-00476,C-003,2025-07-12,2025-07-12,P-038,,12,40.32,Wellington
O-00516,C-015,2025-07-12,2025-07-14,P-049,B-0118,24,183.12,Otago
O-01044,C-019,2025-07-12,2025-07-13,P-016,B-0071,48,292.8,Canterbury
O-01613,C-032,2025-07-12,2025-07-14,P-043,,72,432.72,Auckland
O-00370,C-031,2025-07-13,,P-045,B-0123,48,232.32,Otago
O-00799,C-040,2025-07-13,2025-07-16,P-024,B-0065,48,256.32,Otago
O-01280,C-051,2025-07-13,2025-07-16,P-027,B-0032,6,19.2,Otago
O-01689,C-010,2025-07-13,2025-07-16,P-044,B-0262,24,118.8,Canterbury
O-00049,C-040,2025-07-14,2025-07-16,P-051,B-0189,12,57.0,Otago
O-00369,C-027,2025-07-14,2025-07-15,P-032,B-0286,24,99.12,Otago
O-00067,C-044,2025-07-15,2025-07-17,P-049,,6,45.78,Otago
O-00552,C-054,2025-07-15,,P-011,B-0298,36,183.6,Wellington
O-00961,C-027,2025-07-15,,P-011,B-0298,48,232.56,Otago
O-01013,C-062,2025-07-15,2025-07-17,P-033,B-0010,24,201.6,Waikato
O-01178,C-028,2025-07-15,2025-07-18,P-045,,6,29.04,Auckland
O-01612,C-058,2025-07-15,2025-07-15,P-009,B-0016,6,13.26,Waikato
O-00026,C-006,2025-07-16,2025-07-18,P-014,,6,36.3,Wellington
O-00601,C-070,2025-07-16,2025-07-18,P-020,,48,302.4,Otago
O-00947,C-011,2025-07-16,2025-07-18,P-013,B-0205,24,78.48,Otago
O-01169,C-001,2025-07-16,2025-07-17,P-017,B-0223,36,168.61,Auckland
O-00007,C-015,2025-07-17,2025-07-18,P-001,B-0163,48,289.44,Auckland
O-01683,C-055,2025-07-17,2025-07-18,P-035,B-0039,6,23.64,Wellington
O-00265,C-016,2025-07-18,2025-07-20,P-007,B-0052,36,206.64,Canterbury
O-00376,C-068,2025-07-18,2025-07-20,P-029,B-0084,48,94.56,Waikato
O-00944,C-016,2025-07-18,2025-07-19,P-012,B-0299,24,93.36,Canterbury
O-01588,C-005,2025-07-18,2025-07-20,P-024,B-0153,24,128.16,Wellington
O-01602,C-019,2025-07-18,2025-07-19,P-003,,6,35.94,Canterbury
O-00293,C-036,2025-07-19,2025-07-21,P-047,B-0160,6,73.19,Otago
O-00367,C-052,2025-07-19,2025-07-21,P-013,B-0273,36,111.83,Auckland
O-00858,C-036,2025-07-19,2025-07-21,P-011,B-0298,72,367.2,Otago
O-01246,C-030,2025-07-19,,P-038,B-0242,48,161.28,Bay of Plenty
O-00371,C-003,2025-07-20,2025-07-22,P-022,B-0259,6,79.62,Wellington
O-00736,C-061,2025-07-20,2025-07-20,P-001,B-0163,12,72.36,Auckland
O-01115,C-052,2025-07-20,,P-049,B-0118,24,183.12,Waikato
O-01282,C-026,2025-07-20,2025-07-21,P-024,,12,64.08,Waikato
O-01325,C-053,2025-07-20,2025-07-21,P-037,B-0261,24,177.36,Wellington
O-00034,C-059,2025-07-21,2025-07-24,P-014,B-0126,24,145.2,Wellington
O-00507,C-038,2025-07-21,2025-07-22,P-037,B-0257,72,532.08,Wellington
O-00580,C-069,2025-07-21,2025-07-24,P-049,,36,274.68,Bay of Plenty
O-00871,C-037,2025-07-21,2025-07-22,P-040,B-0033,24,135.66,Waikato
O-01050,C-024,2025-07-21,2025-07-23,P-046,B-0078,24,315.36,Wellington
O-01093,C-046,2025-07-21,2025-07-23,P-017,,48,236.64,Otago
O-01663,C-034,2025-07-21,2025-07-24,P-046,B-0122,6,78.84,Waikato
O-00046,C-051,2025-07-22,2025-07-24,P-006,B-0076,6,33.3,Otago
O-00494,C-015,2025-07-22,2025-07-25,P-024,,36,192.24,Auckland
O-01448,C-034,2025-07-22,2025-07-23,P-024,,6,32.04,Auckland
O-00745,C-026,2025-07-23,2025-07-26,P-018,B-0133,6,26.58,Waikato
O-00885,C-015,2025-07-23,2025-07-26,P-032,,36,141.25,Auckland
O-00922,C-012,2025-07-23,2025-07-24,P-031,B-0045,24,72.73,Otago
O-00971,C-055,2025-07-23,2025-07-25,P-024,B-0278,24,128.16,Wellington
O-01186,C-061,2025-07-23,2025-07-26,P-029,B-0081,36,70.92,Auckland
O-00158,C-042,2025-07-24,2025-07-24,P-004,B-0087,48,97.44,Wellington
O-00591,C-023,2025-07-24,2025-07-24,P-039,B-0155,48,346.08,Auckland
O-01185,C-044,2025-07-24,2025-07-25,P-010,,36,61.56,Otago
O-01505,C-046,2025-07-24,2025-07-25,P-019,B-0166,72,423.36,Waikato
O-00563,C-065,2025-07-25,2025-07-28,P-006,,72,379.62,Auckland
O-00626,C-057,2025-07-25,2025-07-28,P-024,B-0274,6,32.04,Auckland
O-01094,C-059,2025-07-25,2025-07-26,P-036,,6,32.28,Wellington
O-01144,C-067,2025-07-25,2025-07-28,P-042,B-0287,6,18.64,Otago
O-00700,C-044,2025-07-26,2025-07-29,P-041,B-0266,24,171.36,Otago
O-01439,C-021,2025-07-26,2025-07-29,P-023,B-0283,48,254.4,Auckland
O-00611,C-029,2025-07-27,2025-07-28,P-005,B-0001,24,119.28,Bay of Plenty
O-01253,C-035,2025-07-27,2025-07-30,P-007,,24,137.76,Canterbury
O-01506,C-051,2025-07-27,2025-07-27,P-028,B-0061,24,142.8,Wellington
O-00257,C-069,2025-07-28,2025-07-31,P-046,B-0078,72,946.08,Bay of Plenty
O-00284,C-056,2025-07-28,2025-07-30,P-007,B-0094,24,137.76,Canterbury
O-00399,C-044,2025-07-28,2025-07-31,P-005,B-0265,12,59.64,Otago
O-00812,C-002,2025-07-28,2025-07-29,P-001,B-0025,72,434.16,Canterbury
O-00180,C-057,2025-07-29,2025-07-30,P-047,,12,154.08,Auckland
O-00584,C-053,2025-07-29,2025-08-01,P-013,B-0273,48,149.11,Wellington
O-00859,C-038,2025-07-29,2025-07-30,P-040,B-0211,48,285.6,Wellington
O-01043,C-004,2025-07-29,2025-08-01,P-047,,72,924.48,Otago
O-01324,C-033,2025-07-29,2025-08-01,P-004,B-0117,12,24.36,Canterbury
O-00743,C-050,2025-07-30,2025-08-02,P-017,B-0223,24,118.32,Canterbury
O-00854,C-026,2025-07-30,2025-07-30,P-031,B-0239,36,114.84,Waikato
O-01060,C-040,2025-07-31,2025-07-31,P-022,B-0259,36,453.83,Otago
O-00021,C-057,2025-08-02,2025-08-03,P-041,B-0148,6,42.84,Auckland
O-00525,C-012,2025-08-02,2025-08-02,P-018,,12,50.5,Otago
O-01024,C-059,2025-08-02,2025-08-03,P-011,,72,367.2,Wellington
O-01075,C-051,2025-08-02,2025-08-04,P-034,B-0279,36,100.44,Otago
O-01338,C-006,2025-08-02,2025-08-04,P-030,B-0144,48,107.04,Wellington
O-00542,C-060,2025-08-03,2025-08-03,P-006,B-0252,72,399.6,Otago
O-00618,C-028,2025-08-03,2025-08-04,P-016,B-0075,72,417.24,Otago
O-00398,C-056,2025-08-04,2025-08-04,P-011,B-0298,36,183.6,Canterbury
O-01095,C-049,2025-08-04,2025-08-05,P-042,B-0111,48,156.96,Canterbury
O-01276,C-046,2025-08-04,2025-08-05,P-051,B-0220,72,342.0,Otago
O-01642,C-061,2025-08-04,2025-08-07,P-014,B-0126,24,145.2,Auckland
O-01651,C-070,2025-08-04,2025-08-04,P-005,B-0140,72,339.95,Wellington
O-00767,C-050,2025-08-05,2025-08-07,P-040,B-0146,24,142.8,Canterbury
O-01518,C-040,2025-08-05,2025-08-05,P-039,B-0156,6,43.26,Otago
O-01281,C-056,2025-08-06,2025-08-07,P-024,B-0274,6,32.04,Waikato
O-01550,C-019,2025-08-06,2025-08-08,P-018,B-0083,48,212.64,Canterbury
O-01708,C-013,2025-08-06,2025-08-09,P-006,B-0181,6,33.3,Canterbury
O-01746,C-014,2025-08-06,2025-08-06,P-023,,6,31.8,Canterbury
O-00055,C-051,2025-08-07,2025-08-10,P-033,B-0236,24,191.52,Otago
O-00251,C-037,2025-08-07,2025-08-10,P-019,B-0166,6,35.28,Waikato
O-00436,C-006,2025-08-07,2025-08-07,P-002,B-0069,24,87.6,Wellington
O-00965,C-018,2025-08-07,2025-08-09,P-042,B-0193,24,78.48,Wellington
O-01316,C-054,2025-08-07,2025-08-09,P-012,B-0141,24,93.36,Wellington
O-01748,C-003,2025-08-08,2025-08-08,P-034,B-0279,48,133.92,Wellington
O-00174,C-032,2025-08-09,2025-08-10,P-005,B-0020,24,119.28,Auckland
O-00522,C-016,2025-08-09,2025-08-11,P-047,B-0121,24,308.16,Canterbury
O-00951,C-019,2025-08-09,2025-08-09,P-022,,6,79.62,Canterbury
O-01145,C-061,2025-08-09,2025-08-09,P-035,B-0049,24,89.83,Auckland
O-01180,C-047,2025-08-09,,P-005,,36,169.97,Waikato
O-01290,C-043,2025-08-09,2025-08-12,P-028,B-0061,36,214.2,Otago
O-00643,C-044,2025-08-10,2025-08-10,P-018,B-0021,24,106.32,Otago
O-00702,C-054,2025-08-11,2025-08-13,P-033,B-0221,6,50.4,Wellington
O-00881,C-028,2025-08-11,2025-08-14,P-030,B-0047,72,160.56,Otago
O-00382,C-054,2025-08-12,2025-08-14,P-009,B-0104,24,53.04,Wellington
O-00630,C-049,2025-08-12,2025-08-15,P-020,B-0019,24,151.2,Canterbury
O-00877,C-017,2025-08-12,2025-08-13,P-005,B-0224,72,357.84,Auckland
O-00908,C-039,2025-08-12,2025-08-15,P-032,,12,49.56,Wellington
O-01030,C-043,2025-08-12,2025-08-14,P-041,B-0254,12,85.68,Otago
O-01286,C-018,2025-08-12,2025-08-12,P-020,B-0116,24,151.2,Auckland
O-01328,C-042,2025-08-12,,P-007,,72,392.62,Bay of Plenty
O-01631,C-053,2025-08-12,2025-08-12,P-007,B-0127,12,65.44,Wellington
O-00486,C-019,2025-08-13,2025-08-14,P-001,B-0025,24,144.72,Canterbury
O-00608,C-064,2025-08-13,2025-08-14,P-006,B-0181,36,199.8,Auckland
O-00774,C-058,2025-08-13,2025-08-15,P-015,B-0165,72,485.28,Canterbury
O-01082,C-026,2025-08-13,2025-08-14,P-011,,36,183.6,Waikato
O-01116,C-021,2025-08-13,2025-08-14,P-033,,48,383.04,Auckland
O-00079,C-060,2025-08-14,2025-08-16,P-051,B-0220,48,228.0,Auckland
O-00224,C-058,2025-08-14,2025-08-16,P-019,B-0107,72,423.36,Canterbury
O-00834,C-065,2025-08-14,,P-025,B-0294,6,57.06,Canterbury
O-00889,C-006,2025-08-14,2025-08-14,P-049,B-0118,24,183.12,Auckland
O-01376,C-009,2025-08-14,2025-08-15,P-028,B-0061,6,35.7,Auckland
O-00020,C-038,2025-08-15,2025-08-16,P-030,B-0235,36,80.28,Wellington
O-00159,C-007,2025-08-15,2025-08-16,P-008,B-0290,72,164.16,Waikato
O-00364,C-066,2025-08-15,2025-08-18,P-029,B-0084,12,23.64,Auckland
O-01545,C-001,2025-08-15,2025-08-15,P-014,B-0090,12,68.97,Auckland
O-00091,C-009,2025-08-16,2025-08-19,P-021,B-0229,24,235.2,Bay of Plenty
O-00878,C-021,2025-08-16,2025-08-19,P-032,B-0183,24,99.12,Auckland
O-01130,C-046,2025-08-16,2025-08-16,P-038,,24,80.64,Otago
O-01132,C-015,2025-08-16,2025-08-19,P-002,B-0007,24,87.6,Auckland
O-01776,C-004,2025-08-16,2025-08-16,P-018,B-0057,36,151.51,Otago
O-00223,C-023,2025-08-17,2025-08-18,P-006,B-0168,36,199.8,Auckland
O-00605,C-040,2025-08-17,2025-08-19,P-041,B-0266,24,171.36,Otago
O-00780,C-006,2025-08-17,2025-08-20,P-027,,24,72.96,Wellington
O-01177,C-053,2025-08-17,2025-08-18,P-037,B-0064,12,88.68,Wellington
O-01399,C-060,2025-08-17,2025-08-19,P-003,B-0293,72,431.28,Auckland
O-00792,C-063,2025-08-18,2025-08-19,P-028,B-0061,72,428.4,Bay of Plenty
O-01065,C-042,2025-08-18,2025-08-18,P-015,B-0173,48,323.52,Wellington
O-01467,C-052,2025-08-18,2025-08-19,P-023,,36,190.8,Wellington
O-00294,C-033,2025-08-19,2025-08-22,P-042,B-0132,12,39.24,Canterbury
O-00258,C-016,2025-08-20,2025-08-20,P-046,B-0122,12,149.8,Canterbury
O-00938,C-051,2025-08-20,2025-08-23,P-036,B-0255,24,129.12,Otago
O-00548,C-021,2025-08-22,2025-08-22,P-008,B-0206,24,54.72,Auckland
O-00742,C-039,2025-08-22,,P-036,,48,258.24,Wellington
O-01155,C-004,2025-08-22,2025-08-24,P-041,B-0148,72,514.08,Bay of Plenty
O-01453,C-040,2025-08-22,2025-08-23,P-035,B-0046,36,141.84,Otago
O-00187,C-044,2025-08-23,2025-08-25,P-008,B-0206,24,57.6,Otago
O-00345,C-010,2025-08-23,2025-08-26,P-041,B-0266,24,171.36,Canterbury
O-00635,C-030,2025-08-23,2025-08-23,P-044,B-0228,48,237.6,Bay of Plenty
O-00821,C-019,2025-08-23,2025-08-25,P-036,B-0004,24,129.12,Canterbury
O-01732,C-034,2025-08-23,2025-08-25,P-047,B-0121,12,154.08,Auckland
O-00117,C-017,2025-08-24,2025-08-24,P-037,B-0188,72,532.08,Auckland
O-00315,C-009,2025-08-24,2025-08-24,P-007,B-0062,72,413.28,Auckland
O-00746,C-026,2025-08-24,2025-08-25,P-033,B-0216,24,191.52,Waikato
O-01055,C-049,2025-08-24,,P-037,B-0238,24,168.49,Canterbury
O-01361,C-068,2025-08-24,2025-08-26,P-023,B-0232,72,381.6,Waikato
O-00234,C-058,2025-08-25,2025-08-26,P-008,B-0169,12,28.8,Canterbury
O-00660,C-051,2025-08-25,2025-08-26,P-011,B-0298,36,183.6,Otago
O-01396,C-020,2025-08-25,2025-08-28,P-018,B-0017,6,26.58,Canterbury
O-01397,C-009,2025-08-25,2025-08-27,P-048,B-0115,48,318.74,Auckland
O-01502,C-023,2025-08-25,2025-08-27,P-017,B-0198,36,177.48,Auckland
O-00184,C-060,2025-08-26,2025-08-27,P-015,B-0256,24,161.76,Auckland
O-01684,C-032,2025-08-26,2025-08-26,P-029,B-0288,24,47.28,Auckland
O-00072,C-055,2025-08-27,2025-08-28,P-025,,24,228.24,Wellington
O-00096,C-023,2025-08-27,2025-08-29,P-007,B-0094,24,137.76,Auckland
O-00734,C-051,2025-08-27,2025-08-30,P-032,B-0286,24,99.12,Otago
O-00789,C-034,2025-08-27,2025-08-27,P-021,B-0098,12,117.6,Auckland
O-01368,C-052,2025-08-27,2025-08-30,P-020,B-0019,24,151.2,Bay of Plenty
O-00816,C-021,2025-08-28,2025-08-29,P-047,B-0119,6,77.04,Auckland
O-01135,C-031,2025-08-28,2025-08-30,P-022,B-0125,24,318.48,Otago
O-01508,C-005,2025-08-28,2025-08-28,P-049,,72,549.36,Wellington
O-00347,C-020,2025-08-29,2025-08-31,P-033,B-0010,6,50.4,Auckland
O-00583,C-057,2025-08-29,2025-08-30,P-015,B-0023,6,40.44,Auckland
O-00353,C-068,2025-08-30,2025-08-30,P-014,B-0204,36,217.8,Waikato
O-00546,C-030,2025-08-30,2025-09-01,P-018,,6,26.58,Bay of Plenty
O-01330,C-010,2025-08-30,2025-09-01,P-037,B-0161,6,44.34,Canterbury
O-01766,C-049,2025-08-30,2025-09-01,P-017,B-0215,6,29.58,Canterbury
O-00039,C-053,2025-08-31,2025-09-01,P-045,B-0135,24,116.16,Wellington
O-00192,C-051,2025-08-31,2025-09-02,P-016,,24,146.4,Otago
O-00418,C-062,2025-08-31,2025-09-03,P-023,B-0015,6,30.21,Wellington
O-01284,C-037,2025-08-31,2025-09-02,P-026,B-0284,6,12.9,Waikato
O-01481,C-043,2025-08-31,2025-09-02,P-006,B-0213,6,33.3,Otago
O-00030,C-065,2025-09-01,2025-09-04,P-035,,72,283.68,Auckland
O-00313,C-008,2025-09-01,2025-09-04,P-026,B-0284,12,24.51,Wellington
O-00658,C-006,2025-09-01,2025-09-02,P-003,B-0203,12,71.88,Wellington
O-00884,C-064,2025-09-01,2025-09-02,P-048,B-0218,72,503.28,Auckland
O-00988,C-032,2025-09-01,2025-09-03,P-013,B-0291,24,74.56,Auckland
O-01207,C-023,2025-09-01,2025-09-01,P-030,,24,53.52,Otago
O-00518,C-004,2025-09-03,2025-09-05,P-019,B-0237,36,211.68,Otago
O-01070,C-029,2025-03-09,2025-03-11,P-010,B-0038,36,61.56,Bay of Plenty
O-00247,C-067,2025-09-04,2025-09-04,P-009,B-0271,24,53.04,Otago
O-00809,C-051,2025-09-04,2025-09-05,P-008,,72,172.8,Otago
O-00902,C-001,2025-09-04,2025-09-06,P-011,,6,30.6,Auckland
O-01256,C-001,2025-09-04,2025-09-04,P-036,B-0177,48,258.24,Auckland
O-01759,C-050,2025-09-04,2025-09-04,P-033,B-0221,12,100.8,Canterbury
O-00776,C-009,2025-05-09,2025-05-10,P-002,B-0296,24,87.6,Auckland
O-00862,C-014,2025-09-05,2025-09-05,P-024,B-0274,36,192.24,Canterbury
O-00358,C-004,2025-09-06,2025-09-06,P-007,,72,413.28,Otago
O-01373,C-021,2025-09-06,2025-09-08,P-040,,48,285.6,Wellington
O-01592,C-030,2025-09-06,2025-09-09,P-044,,36,178.2,Bay of Plenty
O-01257,C-029,2025-09-07,2025-09-08,P-007,B-0127,24,137.76,Bay of Plenty
O-01604,C-048,2025-09-07,2025-09-07,P-040,B-0211,6,35.7,Auckland
O-00275,C-033,2025-09-08,2025-09-11,P-010,B-0091,24,41.04,Canterbury
O-00676,C-014,2025-09-08,2025-09-11,P-045,B-0030,12,58.08,Canterbury
O-01035,C-059,2025-09-08,2025-09-08,P-015,B-0006,48,323.52,Wellington
O-00757,C-009,2025-09-09,,P-050,B-0200,36,147.6,Auckland
O-01292,C-044,2025-09-09,2025-09-11,P-039,B-0297,48,346.08,Otago
O-01402,C-006,2025-09-09,2025-09-09,P-010,B-0234,36,61.56,Bay of Plenty
O-00171,C-034,2025-09-10,2025-09-12,P-009,B-0104,12,26.52,Auckland
O-00268,C-067,2025-09-11,2025-09-13,P-028,B-0061,48,285.6,Otago
O-00281,C-020,2025-09-11,,P-038,B-0152,12,40.32,Auckland
O-00550,C-039,2025-09-11,2025-09-11,P-028,,48,285.6,Wellington
O-01489,C-018,2025-09-11,2025-09-12,P-011,B-0298,36,183.6,Auckland
O-00036,C-022,2025-09-12,2025-09-12,P-040,B-0154,24,135.66,Canterbury
O-00193,C-046,2025-09-12,2025-09-12,P-034,B-0202,24,63.61,Otago
O-00426,C-047,2025-09-13,2025-09-16,P-050,B-0043,24,98.4,Bay of Plenty
O-00748,C-060,2025-09-13,,P-027,B-0032,72,218.88,Auckland
O-01058,C-062,2025-09-13,,P-032,,72,282.49,Wellington
O-01236,C-032,2025-09-13,2025-09-15,P-046,,12,157.68,Auckland
O-01358,C-047,2025-09-13,,P-045,,36,174.24,Canterbury
O-01416,C-050,2025-09-13,,P-010,B-0176,24,38.99,Canterbury
O-00130,C-063,2025-09-14,2025-09-14,P-044,B-0228,36,178.2,Canterbury
O-00215,C-016,2025-09-14,2025-09-15,P-028,B-0061,6,35.7,Bay of Plenty
O-00433,C-013,2025-09-14,2025-09-16,P-018,B-0017,24,106.32,Canterbury
O-00839,C-059,2025-09-14,2025-09-14,P-013,B-0205,12,39.24,Wellington
O-01078,C-039,2025-09-14,2025-09-17,P-002,B-0073,48,166.44,Wellington
O-00076,C-016,2025-09-15,2025-09-18,P-026,B-0212,48,103.2,Canterbury
O-00245,C-056,2025-09-15,2025-09-16,P-025,,24,228.24,Bay of Plenty
O-00959,C-049,2025-09-15,2025-09-15,P-017,B-0253,72,354.96,Canterbury
O-01669,C-032,2025-09-15,2025-09-15,P-046,B-0122,36,473.04,Auckland
O-00146,C-069,2025-09-16,2025-09-18,P-048,B-0174,24,167.76,Bay of Plenty
O-00194,C-057,2025-09-16,2025-09-18,P-012,B-0142,48,186.72,Auckland
O-00970,C-002,2025-09-16,2025-09-19,P-030,B-0042,36,76.27,Canterbury
O-01512,C-018,2025-09-16,2025-09-16,P-014,B-0126,24,145.2,Auckland
O-00740,C-054,2025-09-17,2025-09-19,P-026,B-0136,48,103.2,Auckland
O-01306,C-069,2025-09-17,,P-038,B-0242,48,161.28,Bay of Plenty
O-01562,C-026,2025-09-17,2025-09-19,P-045,B-0179,24,116.16,Otago
O-01563,C-007,2025-09-17,2025-09-17,P-038,B-0152,36,120.96,Waikato
O-01408,C-020,2025-09-18,2025-09-19,P-027,B-0032,24,76.8,Auckland
O-01619,C-011,2025-09-18,2025-09-21,P-032,B-0295,24,99.12,Otago
O-00355,C-050,2025-09-19,2025-09-19,P-021,B-0229,24,235.2,Canterbury
O-01138,C-061,2025-09-19,2025-09-20,P-046,,48,630.72,Auckland
O-00095,C-012,2025-09-20,2025-09-20,P-032,B-0286,72,297.36,Otago
O-00407,C-008,2025-09-20,2025-09-21,P-028,B-0061,6,33.91,Wellington
O-00320,C-050,2025-09-21,2025-09-22,P-044,B-0109,36,169.29,Canterbury
O-00766,C-066,2025-09-21,2025-09-24,P-044,B-0210,6,28.21,Auckland
O-01345,C-006,2025-09-21,2025-09-23,P-050,B-0200,72,280.44,Wellington
O-01739,C-022,2025-09-21,2025-09-22,P-027,,48,153.6,Canterbury
O-00207,C-006,2025-09-22,2025-09-23,P-026,B-0212,24,49.02,Wellington
O-01027,C-044,2025-09-22,2025-09-23,P-036,B-0255,48,258.24,Otago
O-01372,C-042,2025-09-22,2025-09-23,P-009,B-0271,72,159.12,Wellington
O-00361,C-067,2025-09-23,2025-09-26,P-008,B-0206,48,115.2,Canterbury
O-00365,C-015,2025-09-23,2025-09-23,P-007,,24,137.76,Wellington
O-00810,C-026,2025-09-23,2025-09-23,P-039,B-0297,48,346.08,Waikato
O-01223,C-015,2025-09-23,2025-09-23,P-031,B-0045,72,229.68,Otago
O-01434,C-051,2025-09-23,2025-09-25,P-048,B-0174,12,83.88,Otago
O-01507,C-046,2025-09-23,2025-09-24,P-008,B-0290,24,57.6,Otago
O-00127,C-019,2025-09-24,2025-09-27,P-042,,72,223.67,Canterbury
O-00339,C-056,2025-09-24,2025-09-27,P-037,B-0285,12,84.25,Canterbury
O-00807,C-048,2025-09-24,2025-09-25,P-007,B-0094,72,413.28,Auckland
O-01162,C-046,2025-09-24,2025-09-24,P-014,B-0204,48,290.4,Otago
O-01590,C-001,2025-09-24,,P-041,B-0149,6,42.84,Auckland
O-00567,C-021,2025-09-25,2025-09-28,P-031,B-0248,72,229.68,Auckland
O-00846,C-070,2025-09-25,2025-09-25,P-015,B-0023,72,461.02,Otago
O-01321,C-003,2025-09-25,2025-09-28,P-044,B-0262,72,356.4,Wellington
O-00999,C-045,2025-09-26,2025-09-28,P-023,,48,241.68,Canterbury
O-01445,C-062,2025-09-26,2025-09-26,P-035,,24,94.56,Wellington
O-01609,C-067,2025-09-26,2025-09-29,P-025,B-0120,36,325.24,Otago
O-00324,C-008,2025-09-27,2025-09-27,P-040,B-0101,12,71.4,Wellington
O-01051,C-062,2025-09-27,2025-09-27,P-041,B-0148,72,514.08,Wellington
O-01671,C-050,2025-09-27,2025-09-30,P-009,B-0112,24,50.39,Canterbury
O-00186,C-032,2025-09-28,2025-09-29,P-022,B-0106,12,159.24,Auckland
O-01644,C-053,2025-09-28,2025-09-29,P-004,B-0117,48,97.44,Wellington
O-01714,C-020,2025-09-28,2025-09-30,P-014,B-0126,12,72.6,Auckland
O-01727,C-028,2025-09-28,2025-09-28,P-021,B-0167,48,470.4,Otago
O-00205,C-052,2025-09-29,2025-10-01,P-005,B-0265,36,178.92,Bay of Plenty
O-01474,C-006,2025-09-29,2025-10-01,P-040,B-0095,12,71.4,Wellington
O-00175,C-033,2025-09-30,2025-09-30,P-022,B-0125,24,318.48,Canterbury
O-00524,C-067,2025-09-30,2025-10-01,P-037,B-0285,24,177.36,Otago
O-01326,C-032,2025-09-30,2025-10-01,P-039,B-0297,24,164.39,Auckland
O-00497,C-051,2025-10-01,2025-10-02,P-035,,6,22.46,Otago
O-00925,C-064,2025-10-01,2025-10-02,P-003,B-0207,24,143.76,Wellington
O-01763,C-009,2025-10-01,2025-10-04,P-016,B-0075,48,292.8,Auckland
O-00557,C-014,2025-10-02,2025-10-03,P-040,B-0211,24,142.8,Canterbury
O-00648,C-031,2025-10-02,2025-10-05,P-038,B-0152,36,120.96,Otago
O-01165,C-044,2025-10-02,2025-10-04,P-001,B-0025,12,68.74,Auckland
O-01199,C-029,2025-10-02,2025-10-05,P-044,B-0186,6,29.7,Bay of Plenty
O-01319,C-008,2025-10-02,2025-10-05,P-046,,48,630.72,Wellington
O-00755,C-070,2025-10-03,2025-10-03,P-013,B-0035,36,117.72,Otago
O-01722,C-032,2025-03-10,2025-03-12,P-027,B-0032,24,76.8,Auckland
O-00719,C-052,2025-10-04,2025-10-07,P-039,,12,82.19,Wellington
O-00804,C-040,2025-10-04,2025-10-04,P-007,B-0127,24,137.76,Otago
O-01400,C-029,2025-10-04,2025-10-04,P-041,,24,162.79,Bay of Plenty
O-00287,C-032,2025-10-05,2025-10-07,P-027,B-0032,24,76.8,Canterbury
O-00455,C-064,2025-10-05,2025-10-08,P-004,,24,48.72,Auckland
O-00628,C-047,2025-10-05,2025-10-06,P-011,B-0298,36,183.6,Canterbury
O-00663,C-030,2025-10-05,2025-10-06,P-004,,36,73.08,Bay of Plenty
O-01558,C-012,2025-10-05,2025-10-08,P-031,B-0248,12,36.37,Waikato
O-00098,C-031,2025-10-06,2025-10-09,P-004,B-0280,24,48.72,Otago
O-00109,C-001,2025-10-06,2025-10-09,P-003,B-0207,24,143.76,Auckland
O-00576,C-059,2025-10-06,,P-002,B-0069,72,262.8,Wellington
O-00820,C-028,2025-10-07,2025-10-09,P-050,B-0200,24,98.4,Otago
O-00910,C-057,2025-10-07,2025-10-10,P-011,,24,122.4,Auckland
O-00956,C-033,2025-10-07,2025-10-09,P-018,,24,106.32,Canterbury
O-01454,C-032,2025-10-07,2025-10-09,P-011,B-0298,72,367.2,Auckland
O-01740,C-013,2025-10-07,2025-10-10,P-041,B-0266,48,325.58,Canterbury
O-00570,C-049,2025-10-08,2025-10-08,P-003,B-0157,48,287.52,Canterbury
O-00728,C-055,2025-10-08,2025-10-09,P-010,B-0038,6,10.26,Wellington
O-00768,C-054,2025-10-08,2025-10-11,P-046,B-0078,6,78.84,Wellington
O-01546,C-029,2025-10-08,2025-10-10,P-042,B-0063,6,19.62,Bay of Plenty
O-00259,C-012,2025-10-09,2025-10-09,P-011,B-0298,6,30.6,Otago
O-00322,C-061,2025-10-09,2025-10-12,P-017,B-0198,48,236.64,Auckland
O-01295,C-054,2025-10-09,2025-10-12,P-023,B-0079,72,381.6,Wellington
O-00312,C-059,2025-10-11,2025-10-13,P-028,B-0061,48,285.6,Wellington
O-01048,C-034,2025-10-11,2025-10-14,P-049,B-0129,24,183.12,Auckland
O-01233,C-067,2025-10-11,2025-10-12,P-003,B-0207,24,143.76,Otago
O-01520,C-069,2025-10-11,2025-10-11,P-031,B-0219,24,72.73,Bay of Plenty
O-01639,C-046,2025-10-11,2025-10-11,P-017,B-0223,72,354.96,Wellington
O-00394,C-065,2025-10-12,2025-10-13,P-046,B-0122,48,630.72,Auckland
O-00918,C-004,2025-10-12,2025-10-12,P-043,B-0002,72,411.08,Otago
O-01249,C-031,2025-10-12,2025-10-13,P-002,B-0073,72,262.8,Waikato
O-00104,C-055,2025-10-13,2025-10-14,P-026,B-0136,6,12.9,Wellington
O-00343,C-049,2025-10-13,2025-10-13,P-051,B-0108,24,114.0,Canterbury
O-00514,C-054,2025-10-13,2025-10-13,P-051,B-0231,48,216.6,Wellington
O-00517,C-032,2025-10-13,2025-10-15,P-049,B-0129,24,183.12,Auckland
O-00661,C-042,2025-10-13,2025-10-16,P-013,,6,19.62,Wellington
O-00381,C-013,2025-10-14,2025-10-16,P-026,B-0136,36,77.4,Canterbury
O-00500,C-025,2025-10-14,2025-10-16,P-008,B-0290,36,82.08,Canterbury
O-00845,C-025,2025-10-14,2025-10-17,P-007,B-0147,12,65.44,Canterbury
O-01661,C-038,2025-10-14,2025-10-15,P-032,B-0183,12,49.56,Wellington
O-00414,C-044,2025-10-15,2025-10-16,P-039,B-0244,72,519.12,Otago
O-01685,C-042,2025-10-15,2025-10-17,P-013,B-0085,6,19.62,Wellington
O-01704,C-024,2025-10-15,2025-10-15,P-012,B-0299,24,93.36,Bay of Plenty
O-00280,C-015,2025-10-16,2025-10-17,P-018,B-0021,48,212.64,Auckland
O-01420,C-036,2025-10-16,2025-10-16,P-018,B-0099,24,106.32,Otago
O-01676,C-038,2025-10-16,2025-10-18,P-016,B-0075,12,69.54,Wellington
O-00009,C-007,2025-10-17,2025-10-17,P-023,B-0283,6,31.8,Waikato
O-00304,C-048,2025-10-18,2025-10-18,P-032,B-0183,72,297.36,Auckland
O-00440,C-026,2025-10-18,2025-10-21,P-015,B-0256,12,80.88,Waikato
O-00553,C-048,2025-10-18,2025-10-20,P-026,,6,12.9,Auckland
O-01034,C-007,2025-10-18,2025-10-19,P-019,B-0166,12,70.56,Canterbury
O-01366,C-057,2025-10-18,2025-10-18,P-020,B-0116,48,302.4,Auckland
O-01370,C-070,2025-10-18,2025-10-19,P-006,B-0250,72,399.6,Otago
O-00911,C-008,2025-10-19,2025-10-22,P-003,B-0044,24,143.76,Canterbury
O-00976,C-047,2025-10-19,,P-017,B-0223,6,28.1,Canterbury
O-01356,C-055,2025-10-19,2025-10-19,P-042,,36,111.83,Wellington
O-01733,C-001,2025-10-19,2025-10-19,P-047,B-0160,24,308.16,Auckland
O-00502,C-036,2025-10-20,2025-10-23,P-009,B-0016,36,79.56,Otago
O-00924,C-007,2025-10-20,2025-10-20,P-041,B-0149,36,257.04,Waikato
O-01403,C-055,2025-10-20,2025-10-21,P-033,B-0236,12,100.8,Wellington
O-00090,C-060,2025-10-21,2025-10-24,P-048,B-0174,36,251.64,Auckland
O-00298,C-011,2025-10-21,2025-10-22,P-050,B-0027,48,186.96,Otago
O-01029,C-050,2025-10-22,2025-10-25,P-030,B-0235,24,53.52,Canterbury
O-01501,C-038,2025-10-22,2025-10-24,P-026,B-0136,24,51.6,Wellington
O-01071,C-067,2025-10-23,2025-10-23,P-050,B-0027,12,49.2,Otago
O-01112,C-023,2025-10-23,2025-10-24,P-021,B-0217,36,352.8,Auckland
O-01652,C-025,2025-10-23,2025-10-26,P-033,B-0216,12,100.8,Canterbury
O-00697,C-035,2025-10-24,2025-10-26,P-017,B-0215,36,168.61,Canterbury
O-01389,C-069,2025-10-24,2025-10-27,P-037,B-0257,6,44.34,Bay of Plenty
O-01064,C-050,2025-10-25,2025-10-28,P-003,B-0157,36,215.64,Canterbury
O-01308,C-021,2025-10-25,2025-10-26,P-034,B-0201,36,95.42,Auckland
O-00650,C-019,2025-10-26,2025-10-28,P-031,B-0219,24,76.56,Canterbury
O-00256,C-062,2025-10-27,2025-10-27,P-038,B-0152,72,229.82,Wellington
O-00940,C-049,2025-10-27,,P-025,,24,228.24,Canterbury
O-01657,C-044,2025-10-27,2025-10-28,P-038,B-0242,36,114.91,Otago
O-00771,C-067,2025-10-28,2025-10-31,P-025,B-0128,48,456.48,Otago
O-00727,C-050,2025-10-29,2025-11-01,P-006,B-0003,12,66.6,Canterbury
O-01020,C-070,2025-10-29,2025-10-29,P-016,B-0131,36,219.6,Otago
O-01442,C-047,2025-10-29,2025-11-01,P-017,B-0223,48,236.64,Canterbury
O-01483,C-060,2025-10-29,2025-10-31,P-046,B-0122,24,315.36,Auckland
O-00392,C-059,2025-10-30,2025-10-30,P-030,B-0058,12,26.76,Wellington
O-01404,C-066,2025-10-30,2025-10-30,P-045,B-0123,36,174.24,Auckland
O-00097,C-032,2025-10-31,2025-11-01,P-031,B-0245,24,76.56,Auckland
O-00291,C-019,2025-10-31,2025-11-01,P-003,B-0207,24,143.76,Canterbury
O-00472,C-013,2025-10-31,2025-11-01,P-021,,48,446.88,Canterbury
O-01383,C-063,2025-10-31,2025-10-31,P-038,,24,76.61,Bay of Plenty
O-01504,C-021,2025-10-31,2025-11-01,P-001,B-0025,24,144.72,Auckland
O-00966,C-048,2025-11-01,2025-11-03,P-001,B-0187,48,274.97,Auckland
O-00411,C-063,2025-11-02,2025-11-02,P-046,B-0122,12,157.68,Bay of Plenty
O-00463,C-028,2025-11-02,2025-11-03,P-047,,24,292.75,Otago
O-00979,C-042,2025-11-02,2025-11-02,P-036,B-0255,6,32.28,Wellington
O-01255,C-033,2025-11-02,2025-11-05,P-012,,36,140.04,Canterbury
O-00647,C-061,2025-11-03,2025-11-05,P-021,B-0229,36,352.8,Auckland
O-01721,C-023,2025-11-03,2025-11-04,P-010,B-0091,12,19.49,Auckland
O-01067,C-045,2025-11-04,2025-11-07,P-026,B-0136,48,103.2,Canterbury
O-01349,C-012,2025-11-04,2025-11-05,P-008,B-0169,6,14.4,Otago
O-01666,C-003,2025-04-11,2025-04-12,P-006,B-0213,24,126.54,Wellington
O-00133,C-027,2025-11-05,2025-11-05,P-040,B-0089,48,285.6,Otago
O-00344,C-019,2025-11-05,2025-11-07,P-007,B-0052,12,68.88,Auckland
O-00013,C-029,2025-11-06,2025-11-08,P-023,B-0015,12,63.6,Bay of Plenty
O-00335,C-056,2025-11-06,2025-11-06,P-045,B-0074,6,29.04,Canterbury
O-00506,C-003,2025-11-06,2025-11-09,P-049,,12,91.56,Wellington
O-00739,C-029,2025-11-06,2025-11-06,P-032,B-0183,24,99.12,Bay of Plenty
O-00115,C-004,2025-11-07,,P-022,B-0195,24,318.48,Otago
O-00462,C-036,2025-11-07,2025-11-10,P-013,B-0205,36,117.72,Waikato
O-00653,C-059,2025-11-07,2025-11-08,P-039,B-0244,36,259.56,Wellington
O-00829,C-003,2025-11-07,2025-11-07,P-043,,24,144.24,Wellington
O-00843,C-036,2025-11-07,2025-11-07,P-028,B-0061,12,71.4,Otago
O-01264,C-065,2025-11-07,2025-11-08,P-038,B-0152,36,120.96,Auckland
O-00050,C-069,2025-11-08,2025-11-09,P-011,B-0298,12,61.2,Bay of Plenty
O-01080,C-057,2025-11-08,2025-11-08,P-032,B-0183,24,99.12,Auckland
O-01360,C-037,2025-11-08,2025-11-10,P-039,,12,82.19,Waikato
O-01534,C-033,2025-11-08,2025-11-11,P-041,B-0148,36,257.04,Waikato
O-01528,C-001,2025-11-09,2025-11-11,P-045,B-0289,24,110.35,Auckland
O-00087,C-028,2025-11-10,2025-11-12,P-035,B-0164,6,23.64,Bay of Plenty
O-00443,C-015,2025-11-10,2025-11-13,P-015,B-0023,24,161.76,Auckland
O-00636,C-061,2025-11-10,2025-11-10,P-012,,24,93.36,Auckland
O-00876,C-048,2025-11-10,2025-11-11,P-011,B-0298,6,29.07,Auckland
O-01494,C-034,2025-11-10,,P-007,B-0127,36,206.64,Canterbury
O-01665,C-067,2025-11-10,2025-11-11,P-016,B-0145,72,439.2,Otago
O-01780,C-022,2025-11-10,2025-11-11,P-042,B-0111,12,39.24,Canterbury
O-00059,C-049,2025-11-12,2025-11-15,P-012,B-0299,6,23.34,Canterbury
O-00288,C-017,2025-11-12,2025-11-12,P-045,B-0135,36,174.24,Auckland
O-00354,C-056,2025-12-11,2025-12-13,P-049,B-0031,12,91.56,Canterbury
O-01649,C-026,2025-12-11,,P-002,B-0069,24,83.22,Waikato
O-00185,C-019,2025-11-13,2025-11-16,P-008,,12,27.36,Canterbury
O-00318,C-005,2025-11-13,2025-11-14,P-031,B-0045,12,38.28,Wellington
O-01150,C-067,2025-11-13,2025-11-15,P-043,B-0113,12,72.12,Otago
O-01560,C-017,2025-11-13,2025-11-13,P-032,,6,24.78,Auckland
O-00452,C-049,2025-11-14,2025-11-17,P-031,B-0248,6,19.14,Wellington
O-00538,C-034,2025-11-14,2025-11-14,P-035,B-0227,12,47.28,Auckland
O-00738,C-035,2025-11-14,2025-11-14,P-007,,72,392.62,Canterbury
O-00808,C-008,2025-11-14,2025-11-15,P-019,B-0107,12,70.56,Wellington
O-01195,C-032,2025-11-14,2025-11-17,P-025,,24,228.24,Auckland
O-01428,C-039,2025-11-14,2025-11-17,P-014,B-0204,72,435.6,Wellington
O-00045,C-069,2025-11-15,2025-11-18,P-046,B-0122,36,473.04,Bay of Plenty
O-00752,C-022,2025-11-15,2025-11-17,P-017,B-0253,24,118.32,Canterbury
O-01087,C-017,2025-11-15,2025-11-15,P-043,B-0113,24,144.24,Auckland
O-01532,C-067,2025-11-15,2025-11-17,P-047,B-0162,12,154.08,Otago
O-01603,C-043,2025-11-15,2025-11-15,P-008,B-0206,48,115.2,Otago
O-00189,C-025,2025-11-17,2025-11-18,P-049,B-0031,24,183.12,Canterbury
O-00308,C-018,2025-11-17,2025-11-20,P-050,B-0200,12,46.74,Auckland
O-00348,C-045,2025-11-17,2025-11-20,P-006,B-0168,48,266.4,Canterbury
O-00122,C-055,2025-11-18,2025-11-18,P-034,B-0008,36,100.44,Wellington
O-01086,C-017,2025-11-19,2025-11-22,P-003,B-0293,6,34.14,Auckland
O-01645,C-022,2025-11-19,2025-11-21,P-018,B-0021,12,53.16,Canterbury
O-01296,C-048,2025-11-20,2025-11-20,P-005,B-0001,36,178.92,Canterbury
O-01490,C-046,2025-11-20,2025-11-20,P-013,,6,19.62,Otago
O-01611,C-045,2025-11-20,2025-11-20,P-044,B-0186,36,178.2,Canterbury
O-01258,C-007,2025-11-21,2025-11-24,P-042,B-0276,6,19.62,Waikato
O-01378,C-052,2025-11-21,2025-11-24,P-026,B-0100,6,12.9,Bay of Plenty
O-01498,C-007,2025-11-21,2025-11-23,P-037,B-0261,12,84.25,Waikato
O-01765,C-065,2025-11-21,2025-11-22,P-015,,48,307.34,Bay of Plenty
O-00183,C-043,2025-11-22,2025-11-25,P-022,B-0022,24,318.48,Otago
O-00250,C-051,2025-11-22,2025-11-23,P-047,B-0119,6,73.19,Otago
O-01153,C-018,2025-11-22,2025-11-23,P-005,B-0265,48,226.63,Auckland
O-00531,C-014,2025-11-23,2025-11-24,P-031,,36,114.84,Canterbury
O-01210,C-029,2025-11-23,2025-11-26,P-027,B-0032,72,230.4,Bay of Plenty
O-01493,C-004,2025-11-23,2025-11-23,P-005,B-0233,36,178.92,Otago
O-01587,C-033,2025-11-23,2025-11-24,P-042,B-0193,72,235.44,Canterbury
O-01591,C-001,2025-11-23,2025-11-25,P-045,B-0074,6,29.04,Auckland
O-01648,C-018,2025-11-23,2025-11-25,P-041,B-0148,6,40.7,Auckland
O-00143,C-026,2025-11-24,2025-11-24,P-050,B-0114,6,23.37,Waikato
O-00242,C-012,2025-11-24,2025-11-27,P-051,B-0082,12,57.0,Otago
O-00387,C-020,2025-11-24,2025-11-26,P-041,B-0266,48,342.72,Auckland
O-01242,C-010,2025-11-24,2025-11-26,P-019,B-0237,48,282.24,Canterbury
O-00384,C-018,2025-11-25,2025-11-26,P-049,,36,260.95,Auckland
O-00410,C-057,2025-11-25,2025-11-27,P-015,B-0139,72,461.02,Bay of Plenty
O-00721,C-018,2025-11-25,2025-11-28,P-049,B-0031,12,91.56,Auckland
O-00378,C-021,2025-11-26,2025-11-29,P-019,,24,141.12,Auckland
O-00874,C-037,2025-11-26,2025-11-28,P-007,B-0147,72,392.62,Waikato
O-00161,C-017,2025-11-27,2025-11-30,P-042,B-0111,24,78.48,Auckland
O-00505,C-048,2025-11-27,2025-11-29,P-034,B-0279,72,200.88,Auckland
O-00997,C-028,2025-11-27,2025-11-27,P-019,,12,67.03,Otago
O-01379,C-065,2025-11-27,2025-11-28,P-040,B-0033,48,285.6,Auckland
O-00273,C-028,2025-11-28,2025-11-28,P-026,,24,49.02,Otago
O-01052,C-030,2025-11-28,2025-11-28,P-021,,48,446.88,Bay of Plenty
O-01632,C-054,2025-11-28,2025-12-01,P-007,B-0147,12,68.88,Wellington
O-00482,C-046,2025-11-29,2025-11-30,P-012,B-0141,24,88.69,Otago
O-00899,C-050,2025-11-30,,P-024,B-0274,12,64.08,Canterbury
O-01159,C-061,2025-11-30,2025-12-01,P-037,,48,354.72,Auckland
O-00533,C-058,2025-12-01,2025-12-04,P-021,B-0277,36,352.8,Canterbury
O-00806,C-049,2025-12-01,2025-12-04,P-031,B-0239,72,229.68,Canterbury
O-00219,C-016,2025-12-02,2025-12-03,P-040,B-0095,48,285.6,Canterbury
O-00529,C-065,2025-12-02,2025-12-05,P-036,,6,32.28,Auckland
O-00828,C-028,2025-12-02,2025-12-03,P-048,B-0174,36,239.06,Otago
O-01267,C-059,2025-12-02,2025-12-04,P-031,B-0045,24,76.56,Wellington
O-01736,C-063,2025-12-02,2025-12-02,P-047,B-0096,24,292.75,Bay of Plenty
O-00152,C-062,2025-12-03,2025-12-06,P-027,B-0032,24,76.8,Wellington
O-00296,C-003,2025-12-03,2025-12-04,P-019,B-0237,12,70.56,Wellington
O-00477,C-017,2025-12-03,2025-12-03,P-013,B-0085,24,78.48,Auckland
O-00826,C-065,2025-12-03,2025-12-04,P-050,B-0027,12,49.2,Auckland
O-01335,C-001,2025-12-03,2025-12-04,P-019,B-0166,72,423.36,Auckland
O-01538,C-062,2025-12-03,2025-12-06,P-014,,24,145.2,Wellington
O-00231,C-051,2025-04-12,2025-04-13,P-025,B-0247,24,228.24,Otago
O-01304,C-066,2025-04-12,2025-04-13,P-012,,24,93.36,Auckland
O-00144,C-032,2025-12-05,2025-12-07,P-033,,72,604.8,Auckland
O-00198,C-011,2025-12-06,2025-12-07,P-051,B-0108,24,114.0,Otago
O-01097,C-010,2025-12-06,2025-12-07,P-023,B-0283,72,381.6,Canterbury
O-00554,C-068,2025-07-12,2025-07-13,P-049,B-0129,6,45.78,Waikato
O-00733,C-009,2025-12-07,2025-12-07,P-031,,24,76.56,Auckland
O-01079,C-032,2025-12-07,2025-12-08,P-003,B-0157,36,215.64,Auckland
O-01523,C-051,2025-12-07,2025-12-10,P-024,B-0278,36,192.24,Otago
O-00993,C-030,2025-12-08,2025-12-10,P-024,B-0153,48,256.32,Bay of Plenty
O-00173,C-058,2025-12-09,2025-12-09,P-035,,24,94.56,Canterbury
O-00051,C-005,2025-12-10,2025-12-12,P-036,B-0255,12,64.56,Wellington
O-00578,C-030,2025-12-10,2025-12-12,P-035,B-0227,6,23.64,Bay of Plenty
O-00873,C-042,2025-12-10,2025-12-10,P-008,B-0206,12,28.8,Wellington
O-01200,C-048,2025-10-12,2025-10-14,P-036,B-0260,36,193.68,Auckland
O-01395,C-030,2025-12-11,,P-033,B-0010,72,604.8,Bay of Plenty
O-01419,C-006,2025-12-11,2025-12-14,P-041,,48,342.72,Wellington
O-00526,C-007,2025-12-12,2025-12-12,P-051,B-0082,12,57.0,Waikato
O-00964,C-038,2025-12-12,2025-12-13,P-036,B-0260,48,258.24,Wellington
O-01269,C-061,2025-12-12,2025-12-13,P-018,B-0133,48,202.01,Auckland
O-01367,C-007,2025-12-12,2025-12-15,P-030,B-0042,6,12.71,Waikato
O-01475,C-027,2025-12-12,2025-12-13,P-004,B-0066,6,12.18,Otago
O-01752,C-051,2025-12-12,2025-12-15,P-020,B-0124,24,151.2,Otago
O-00052,C-059,2025-12-13,2025-12-14,P-010,B-0263,6,9.75,Wellington
O-01695,C-041,2025-12-13,2025-12-16,P-020,B-0068,24,151.2,Auckland
O-00044,C-029,2025-12-14,2025-12-16,P-049,B-0225,24,173.96,Bay of Plenty
O-00699,C-047,2025-12-14,2025-12-15,P-013,B-0291,72,235.44,Canterbury
O-00863,C-003,2025-12-14,2025-12-17,P-021,B-0277,72,705.6,Wellington
O-00931,C-033,2025-12-14,2025-12-14,P-003,B-0293,24,143.76,Canterbury
O-01515,C-012,2025-12-14,2025-12-17,P-036,B-0255,36,193.68,Otago
O-00222,C-067,2025-12-15,2025-12-16,P-025,B-0120,24,228.24,Otago
O-00794,C-011,2025-12-16,2025-12-17,P-002,,72,249.66,Otago
O-01482,C-022,2025-12-16,2025-12-17,P-022,B-0259,72,955.44,Canterbury
O-00015,C-055,2025-12-17,2025-12-19,P-018,B-0057,12,53.16,Wellington
O-01166,C-060,2025-12-17,2025-12-18,P-045,B-0137,24,110.35,Auckland
O-01440,C-032,2025-12-17,2025-12-17,P-051,,12,57.0,Auckland
O-01664,C-031,2025-12-17,2025-12-20,P-004,B-0280,24,48.72,Otago
O-01139,C-042,2025-12-18,2025-12-19,P-021,B-0229,12,111.72,Wellington
O-01209,C-056,2025-12-18,2025-12-19,P-028,B-0061,72,428.4,Canterbury
O-00716,C-002,2025-12-19,2025-12-20,P-016,B-0145,72,439.2,Canterbury
O-01040,C-048,2025-12-19,2025-12-19,P-002,B-0018,6,21.9,Auckland
O-00594,C-001,2025-12-20,2025-12-23,P-001,B-0268,24,144.72,Auckland
O-00730,C-043,2025-12-20,2025-12-21,P-048,B-0218,48,318.74,Otago
O-01313,C-068,2025-12-20,2025-12-20,P-020,,48,302.4,Waikato
O-01724,C-045,2025-12-20,,P-007,B-0052,24,137.76,Canterbury
O-00037,C-032,2025-12-21,2025-12-24,P-016,B-0145,36,219.6,Auckland
O-00073,C-011,2025-12-21,2025-12-24,P-003,B-0150,6,35.94,Otago
O-00558,C-017,2025-12-21,2025-12-24,P-018,B-0099,24,106.32,Auckland
O-00850,C-018,2025-12-21,2025-12-24,P-005,B-0001,24,113.32,Auckland
O-01146,C-028,2025-12-21,2025-12-22,P-043,,24,137.03,Otago
O-01288,C-061,2025-12-21,2025-12-23,P-005,,6,28.33,Auckland
O-01436,C-010,2025-12-21,2025-12-22,P-029,B-0084,48,94.56,Canterbury
O-01503,C-014,2025-12-21,2025-12-23,P-026,B-0212,24,51.6,Canterbury
O-00503,C-054,2025-12-22,2025-12-25,P-030,,24,50.84,Wellington
O-01170,C-031,2025-12-22,2025-12-25,P-046,B-0037,12,157.68,Otago
O-01469,C-028,2025-12-22,2025-12-23,P-015,,36,242.64,Otago
O-00788,C-068,2025-12-23,2025-12-26,P-044,B-0262,12,56.43,Waikato
O-01128,C-006,2025-12-23,2025-12-26,P-043,B-0184,24,137.03,Bay of Plenty
O-01769,C-001,2025-12-23,2025-12-23,P-025,B-0294,24,228.24,Auckland
O-01767,C-012,2025-12-24,2025-12-26,P-013,B-0273,36,111.83,Otago
O-00221,C-030,2025-12-25,2025-12-27,P-002,,12,43.8,Bay of Plenty
O-01375,C-062,2025-12-25,2025-12-27,P-044,B-0210,72,356.4,Wellington
O-00100,C-053,2025-12-26,2025-12-29,P-031,B-0192,72,229.68,Wellington
O-01143,C-005,2025-12-27,2025-12-28,P-014,,24,137.94,Waikato
O-01266,C-057,2025-12-27,2025-12-30,P-004,B-0182,24,46.28,Auckland
O-01525,C-069,2025-12-27,2025-12-27,P-025,B-0247,12,114.12,Bay of Plenty
O-01772,C-058,2025-12-27,2025-12-30,P-047,B-0054,24,308.16,Canterbury
O-00303,C-068,2025-12-28,2025-12-29,P-028,B-0061,48,285.6,Waikato
O-00509,C-069,2025-12-28,2025-12-31,P-001,B-0025,48,289.44,Bay of Plenty
O-00675,C-030,2025-12-28,2025-12-31,P-011,B-0298,6,30.6,Bay of Plenty
O-01457,C-012,2025-12-28,2025-12-29,P-026,B-0212,24,51.6,Otago
O-01716,C-061,2025-12-28,2025-12-29,P-037,B-0188,6,44.34,Auckland
O-01564,C-030,2025-12-29,,P-042,B-0102,6,19.62,Bay of Plenty
O-00237,C-055,2025-12-30,2026-01-01,P-039,B-0244,48,346.08,Wellington
O-01599,C-031,2025-12-30,2025-12-30,P-051,B-0082,24,114.0,Otago
O-00499,C-011,2025-12-31,2026-01-02,P-047,B-0054,24,308.16,Otago
O-00579,C-045,2025-12-31,2026-01-03,P-032,B-0183,24,99.12,Canterbury
O-00754,C-058,2025-12-31,2025-12-31,P-049,B-0225,36,260.95,Waikato
O-00987,C-031,2025-12-31,,P-034,B-0008,24,63.61,Otago
O-00239,C-032,2026-02-01,2026-02-04,P-049,B-0246,36,274.68,Bay of Plenty
O-01102,C-004,2026-01-02,,P-033,B-0010,12,100.8,Otago
O-01522,C-029,2026-02-01,2026-02-01,P-051,B-0220,72,342.0,Bay of Plenty
O-01730,C-022,2026-01-02,2026-01-03,P-050,B-0200,48,196.8,Canterbury
O-00936,C-042,2026-01-03,2026-01-05,P-006,,24,133.2,Wellington
O-00165,C-042,2026-01-04,,P-043,,24,137.03,Wellington
O-00428,C-037,2026-01-04,2026-01-06,P-051,B-0220,6,28.5,Waikato
O-00561,C-033,2026-01-04,2026-01-07,P-012,B-0208,72,266.08,Canterbury
O-01636,C-029,2026-01-04,2026-01-07,P-033,B-0236,72,604.8,Bay of Plenty
O-00631,C-053,2026-01-05,2026-01-06,P-028,B-0061,24,142.8,Wellington
O-01347,C-031,2026-01-05,2026-01-08,P-047,B-0054,12,154.08,Otago
O-00346,C-016,2026-01-06,2026-01-08,P-003,B-0203,24,136.57,Auckland
O-00861,C-023,2026-01-06,2026-01-09,P-031,B-0192,12,36.37,Auckland
O-00894,C-018,2026-01-06,2026-01-09,P-029,B-0264,12,23.64,Auckland
O-01025,C-018,2026-01-06,2026-01-08,P-027,B-0032,24,76.8,Auckland
O-01125,C-067,2026-01-06,,P-030,B-0042,24,50.84,Otago
O-01134,C-042,2026-01-07,2026-01-10,P-008,B-0169,72,172.8,Wellington
O-01263,C-043,2026-01-07,2026-01-07,P-024,B-0153,6,30.44,Otago
O-00638,C-033,2026-01-08,2026-01-09,P-028,B-0061,36,214.2,Wellington
O-00489,C-010,2026-01-10,2026-01-13,P-035,B-0039,48,179.66,Canterbury
O-00725,C-059,2026-01-10,2026-01-12,P-040,B-0011,24,142.8,Wellington
O-00070,C-036,2026-01-11,2026-01-13,P-048,B-0174,12,79.69,Otago
O-00083,C-047,2026-01-12,2026-01-12,P-009,,72,159.12,Canterbury
O-01552,C-056,2026-01-13,2026-01-16,P-046,B-0078,24,315.36,Canterbury
O-00163,C-049,2026-01-14,2026-01-15,P-044,,36,169.29,Canterbury
O-00373,C-063,2026-01-14,2026-01-16,P-029,B-0084,48,94.56,Bay of Plenty
O-01576,C-051,2026-01-14,2026-01-14,P-023,,36,181.26,Otago
O-01720,C-027,2026-01-14,2026-01-15,P-004,B-0117,6,12.18,Otago
O-00351,C-038,2026-01-15,2026-01-18,P-027,B-0032,6,19.2,Wellington
O-00986,C-020,2026-01-15,2026-01-18,P-003,B-0044,12,71.88,Auckland
O-00990,C-043,2026-01-15,2026-01-15,P-040,B-0089,24,142.8,Otago
O-01119,C-015,2026-01-15,2026-01-18,P-033,B-0143,36,287.28,Auckland
O-01320,C-006,2026-01-15,2026-01-17,P-020,B-0116,12,75.6,Wellington
O-00167,C-016,2026-01-16,2026-01-19,P-029,B-0084,72,134.75,Canterbury
O-00011,C-013,2026-01-17,2026-01-20,P-003,B-0150,36,215.64,Canterbury
O-00581,C-069,2026-01-17,2026-01-20,P-022,B-0022,12,159.24,Bay of Plenty
O-01045,C-029,2026-01-17,2026-01-18,P-031,B-0248,12,38.28,Wellington
O-01047,C-013,2026-01-17,2026-01-18,P-026,B-0136,36,73.53,Canterbury
O-01271,C-009,2026-01-17,2026-01-18,P-007,,72,413.28,Auckland
O-01584,C-054,2026-01-17,2026-01-18,P-043,B-0184,48,288.48,Wellington
O-00466,C-061,2026-01-18,2026-01-20,P-025,B-0226,72,650.48,Auckland
O-01425,C-016,2026-01-18,2026-01-21,P-014,B-0204,24,145.2,Wellington
O-01687,C-019,2026-01-18,2026-01-20,P-001,B-0187,12,72.36,Canterbury
O-01005,C-006,2026-01-19,2026-01-20,P-027,B-0032,6,18.24,Wellington
O-01259,C-039,2026-01-19,2026-01-20,P-042,B-0132,36,117.72,Wellington
O-00585,C-041,2026-01-20,2026-01-20,P-016,B-0075,48,292.8,Auckland
O-01423,C-035,2026-01-20,,P-050,B-0114,36,147.6,Canterbury
O-00930,C-032,2026-01-21,2026-01-22,P-049,,72,549.36,Auckland
O-00019,C-069,2026-01-22,2026-01-24,P-008,,48,115.2,Bay of Plenty
O-01392,C-042,2026-01-22,2026-01-25,P-021,B-0040,24,235.2,Wellington
O-00375,C-056,2026-01-23,2026-01-24,P-045,B-0135,48,232.32,Canterbury
O-00139,C-054,2026-01-24,2026-01-25,P-049,B-0225,12,86.98,Wellington
O-01076,C-034,2026-01-24,2026-01-26,P-005,B-0233,12,59.64,Waikato
O-01287,C-067,2026-01-25,2026-01-28,P-025,B-0247,24,228.24,Bay of Plenty
O-01583,C-027,2026-01-25,2026-01-27,P-051,B-0108,24,114.0,Otago
O-01618,C-039,2026-01-25,2026-01-27,P-042,,24,78.48,Wellington
O-00571,C-012,2026-01-26,2026-01-27,P-007,B-0249,72,413.28,Otago
O-00762,C-013,2026-01-26,2026-01-26,P-039,B-0244,6,43.26,Bay of Plenty
O-00982,C-006,2026-01-26,2026-01-27,P-006,B-0003,72,399.6,Wellington
O-01201,C-009,2026-01-26,2026-01-27,P-001,B-0163,24,144.72,Auckland
O-00042,C-066,2026-01-27,2026-01-27,P-004,B-0087,6,12.18,Auckland
O-00515,C-006,2026-01-27,2026-01-30,P-047,B-0160,48,585.5,Wellington
O-00523,C-026,2026-01-27,2026-01-27,P-015,B-0139,24,161.76,Auckland
O-00883,C-042,2026-01-27,2026-01-28,P-011,B-0298,72,348.84,Wellington
O-00848,C-002,2026-01-28,2026-01-28,P-010,,24,38.99,Canterbury
O-01364,C-065,2026-01-28,2026-01-28,P-024,B-0153,6,32.04,Auckland
O-01586,C-061,2026-01-28,2026-01-31,P-030,B-0144,6,12.71,Auckland
O-00897,C-025,2026-01-30,2026-02-01,P-038,B-0152,48,161.28,Canterbury
O-01021,C-008,2026-01-30,2026-02-02,P-033,B-0221,36,302.4,Wellington
O-00717,C-031,2026-01-31,2026-02-02,P-009,B-0271,24,53.04,Wellington
O-01524,C-037,2026-01-31,2026-01-31,P-037,B-0209,6,44.34,Waikato
O-00120,C-055,2026-02-01,2026-02-02,P-049,,24,183.12,Wellington
O-00903,C-058,2026-02-01,2026-02-04,P-041,B-0148,72,514.08,Canterbury
O-01460,C-017,2026-01-02,2026-01-03,P-027,B-0032,12,38.4,Auckland
O-01667,C-065,2026-02-01,2026-02-02,P-042,B-0287,72,235.44,Auckland
O-00695,C-006,2026-02-02,2026-02-04,P-050,B-0200,24,98.4,Wellington
O-01543,C-070,2026-02-02,2026-02-03,P-010,B-0053,24,41.04,Otago
O-00333,C-002,2026-02-03,2026-02-05,P-044,B-0210,6,29.7,Canterbury
O-00640,C-062,2026-02-03,2026-02-06,P-023,B-0232,24,127.2,Wellington
O-01151,C-059,2026-02-03,2026-02-06,P-043,B-0051,12,68.51,Wellington
O-00285,C-047,2026-02-04,2026-02-05,P-048,B-0174,48,335.52,Otago
O-00314,C-007,2026-02-04,2026-02-07,P-011,,12,61.2,Waikato
O-00540,C-053,2026-04-02,2026-04-05,P-042,B-0063,72,235.44,Wellington
O-01011,C-028,2026-02-04,2026-02-06,P-028,B-0061,36,203.49,Otago
O-00263,C-025,2026-02-05,2026-02-06,P-042,B-0193,24,78.48,Canterbury
O-00709,C-027,2026-02-05,2026-02-06,P-039,B-0297,48,346.08,Otago
O-01427,C-049,2026-02-05,2026-02-05,P-006,B-0230,36,199.8,Canterbury
O-01737,C-047,2026-02-05,2026-02-07,P-035,B-0227,36,141.84,Canterbury
O-00720,C-039,2026-02-06,2026-02-06,P-025,B-0128,24,228.24,Wellington
O-01655,C-067,2026-02-06,2026-02-08,P-036,B-0034,24,129.12,Otago
O-01778,C-057,2026-02-07,2026-02-10,P-030,,6,13.38,Auckland
O-00058,C-009,2026-02-08,2026-02-08,P-022,B-0259,6,79.62,Auckland
O-00457,C-010,2026-02-08,2026-02-09,P-028,B-0061,72,428.4,Canterbury
O-00701,C-016,2026-02-09,2026-02-12,P-017,B-0215,6,29.58,Canterbury
O-01148,C-033,2026-02-09,2026-02-12,P-009,B-0009,24,53.04,Canterbury
O-01405,C-032,2026-02-09,2026-02-11,P-047,B-0119,12,154.08,Auckland
O-00481,C-048,2026-02-10,2026-02-10,P-021,B-0229,24,235.2,Auckland
O-00813,C-032,2026-02-10,2026-02-12,P-001,B-0163,24,144.72,Auckland
O-01452,C-048,2026-02-10,2026-02-11,P-004,B-0066,48,97.44,Auckland
O-00447,C-003,2026-02-12,2026-02-12,P-002,B-0069,72,262.8,Wellington
O-01480,C-015,2026-02-12,2026-02-12,P-040,B-0101,72,406.98,Auckland
O-01479,C-063,2026-02-13,2026-02-15,P-024,B-0153,72,384.48,Bay of Plenty
O-00209,C-060,2026-02-14,2026-02-16,P-005,B-0140,48,238.56,Auckland
O-00937,C-032,2026-02-14,2026-02-14,P-024,B-0065,24,128.16,Auckland
O-01012,C-013,2026-02-14,2026-02-14,P-045,B-0138,48,232.32,Wellington
O-01653,C-068,2026-02-14,2026-02-17,P-048,B-0115,36,251.64,Waikato
O-00880,C-059,2026-02-15,2026-02-16,P-033,,48,403.2,Wellington
O-01188,C-015,2026-02-15,2026-02-15,P-023,B-0015,12,63.6,Wellington
O-01476,C-070,2026-02-15,2026-02-15,P-014,,6,36.3,Otago
O-01650,C-062,2026-02-15,2026-02-18,P-016,B-0131,24,139.08,Bay of Plenty
O-00080,C-016,2026-02-16,2026-02-19,P-028,B-0061,24,142.8,Canterbury
O-01171,C-014,2026-02-16,2026-02-18,P-008,B-0169,72,172.8,Canterbury
O-00289,C-066,2026-02-17,2026-02-20,P-049,B-0129,24,173.96,Auckland
O-00838,C-061,2026-02-17,2026-02-17,P-041,B-0148,12,81.4,Waikato
O-00241,C-013,2026-02-18,2026-02-20,P-043,,36,216.36,Canterbury
O-00301,C-055,2026-02-18,2026-02-19,P-015,B-0023,0,161.76,Wellington
O-00974,C-038,2026-02-18,2026-02-19,P-032,B-0092,72,297.36,Wellington
O-01063,C-026,2026-02-18,2026-02-20,P-027,B-0032,24,76.8,Waikato
O-01114,C-065,2026-02-18,2026-02-19,P-014,B-0126,12,72.6,Auckland
O-01581,C-023,2026-02-18,2026-02-21,P-017,B-0253,12,59.16,Auckland
O-01691,C-034,2026-02-18,2026-02-19,P-005,B-0134,24,119.28,Auckland
O-00707,C-056,2026-02-19,2026-02-22,P-020,B-0019,12,75.6,Canterbury
O-00963,C-062,2026-02-19,2026-02-19,P-044,B-0109,6,28.21,Wellington
O-00685,C-001,2026-02-20,2026-02-21,P-016,B-0005,72,439.2,Auckland
O-01353,C-063,2026-02-20,2026-02-23,P-027,B-0032,12,38.4,Bay of Plenty
O-00415,C-032,2026-02-21,2026-02-23,P-007,B-0127,72,392.62,Auckland
O-00430,C-066,2026-02-21,2026-02-24,P-009,B-0199,24,53.04,Auckland
O-01388,C-009,2026-02-21,2026-02-21,P-019,B-0237,24,141.12,Auckland
O-00266,C-041,2026-02-22,2026-02-23,P-011,B-0298,24,116.28,Auckland
O-00330,C-046,2026-02-22,2026-02-22,P-028,,36,203.49,Otago
O-00751,C-031,2026-02-22,2026-02-24,P-008,,12,27.36,Otago
O-01046,C-024,2026-02-22,,P-033,B-0236,72,604.8,Auckland
O-01706,C-013,2026-02-22,2026-02-24,P-003,B-0157,48,287.52,Canterbury
O-01756,C-027,2026-02-22,2026-02-22,P-035,B-0164,12,47.28,Otago
O-00401,C-033,2026-02-23,2026-02-25,P-019,,-24,35.28,Canterbury
O-00504,C-022,2026-02-23,2026-02-25,P-035,B-0227,24,94.56,Canterbury
O-00819,C-047,2026-02-23,2026-02-26,P-014,B-0050,36,217.8,Canterbury
O-01412,C-066,2026-02-23,2026-02-24,P-024,B-0153,24,121.75,Auckland
O-00018,C-043,2026-02-24,2026-02-24,P-010,B-0234,36,61.56,Otago
O-00206,C-039,2026-02-24,2026-02-25,P-046,B-0037,24,315.36,Wellington
O-00664,C-059,2026-02-24,2026-02-25,P-021,B-0217,24,235.2,Auckland
O-01120,C-020,2026-02-24,2026-02-27,P-047,B-0121,24,308.16,Auckland
O-00814,C-028,2026-02-25,2026-02-27,P-040,B-0089,36,214.2,Otago
O-01346,C-020,2026-02-25,2026-02-27,P-001,,12,68.74,Auckland
O-01633,C-007,2026-02-25,2026-02-26,P-042,B-0072,48,156.96,Waikato
O-01192,C-026,2026-02-26,2026-02-27,P-050,B-0114,72,295.2,Waikato
O-01355,C-007,2026-02-26,2026-02-27,P-022,B-0170,6,79.62,Waikato
O-00599,C-067,2026-02-27,2026-02-28,P-035,B-0046,24,94.56,Auckland
O-01090,C-050,2026-02-27,2026-03-01,P-022,B-0195,48,636.96,Canterbury
O-00075,C-019,2026-02-28,2026-03-03,P-008,B-0026,48,109.44,Canterbury
O-00126,C-047,2026-02-28,2026-03-02,P-040,,6,35.7,Canterbury
O-00749,C-033,2026-02-28,2026-03-02,P-038,,6,19.15,Canterbury
O-00914,C-064,2026-02-28,2026-03-03,P-039,B-0155,48,346.08,Auckland
O-01158,C-017,2026-02-28,2026-02-28,P-013,B-0035,48,156.96,Auckland
O-00448,C-069,2026-03-01,2026-03-02,P-011,B-0298,24,122.4,Canterbury
O-00674,C-027,2026-03-01,2026-03-01,P-051,B-0082,72,342.0,Otago
O-01062,C-060,2026-03-01,2026-03-03,P-036,B-0255,24,122.66,Auckland
O-01225,C-057,2026-01-03,2026-01-04,P-014,B-0060,24,137.94,Auckland
O-00887,C-047,2026-03-02,2026-03-02,P-009,,36,79.56,Canterbury
O-01556,C-009,2026-03-02,2026-03-03,P-003,B-0044,24,143.76,Auckland
O-00607,C-033,2026-03-03,2026-03-05,P-048,B-0218,36,251.64,Canterbury
O-01728,C-048,2026-03-03,2026-03-06,P-014,B-0090,48,275.88,Auckland
O-00832,C-035,2026-03-04,2026-03-05,P-050,B-0114,12,46.74,Canterbury
O-01053,C-037,2026-03-04,2026-03-05,P-033,B-0216,36,302.4,Waikato
O-01099,C-011,2026-03-04,2026-03-06,P-027,B-0032,36,115.2,Otago
O-01329,C-060,2026-03-04,2026-03-05,P-042,B-0072,72,223.67,Auckland
O-01413,C-062,2026-03-04,2026-03-04,P-002,B-0172,12,43.8,Bay of Plenty
O-01441,C-033,2026-03-04,2026-03-07,P-044,B-0262,12,59.4,Canterbury
O-00262,C-021,2026-03-05,2026-03-08,P-025,B-0247,6,57.06,Auckland
O-00278,C-042,2026-03-05,,P-009,B-0016,12,26.52,Wellington
O-00642,C-020,2026-03-05,,P-025,,6,57.06,Auckland
O-01254,C-011,2026-03-05,2026-03-06,P-014,B-0090,24,145.2,Otago
O-01322,C-036,2026-03-05,2026-03-08,P-024,B-0153,12,64.08,Otago
O-00450,C-049,2026-03-06,2026-03-07,P-051,,72,342.0,Canterbury
O-01760,C-011,2026-03-06,2026-03-06,P-038,B-0152,24,80.64,Otago
O-00274,C-024,2026-03-07,2026-03-09,P-047,B-0119,6,77.04,Bay of Plenty
O-00604,C-048,2026-03-07,2026-03-07,P-015,B-0173,12,80.88,Auckland
O-00946,C-069,2026-07-03,2026-07-06,P-017,,6,29.58,Bay of Plenty
O-00340,C-023,2026-03-08,2026-03-10,P-047,B-0119,36,462.24,Auckland
O-00641,C-042,2026-03-08,2026-03-11,P-030,,72,160.56,Wellington
O-00805,C-024,2026-03-08,2026-03-09,P-003,B-0150,48,287.52,Bay of Plenty
O-00824,C-022,2026-03-08,2026-03-11,P-017,B-0253,72,337.21,Canterbury
O-01406,C-050,2026-03-08,2026-03-09,P-001,B-0110,72,412.45,Canterbury
O-01725,C-035,2026-03-08,2026-03-09,P-032,B-0092,24,99.12,Canterbury
O-00142,C-019,2026-03-09,2026-03-12,P-034,B-0281,48,133.92,Canterbury
O-00077,C-061,2026-03-10,2026-03-13,P-023,B-0079,36,190.8,Auckland
O-01202,C-035,2026-03-10,2026-03-13,P-038,,24,80.64,Canterbury
O-01336,C-041,2026-03-10,2026-03-10,P-040,B-0154,6,35.7,Wellington
O-01747,C-056,2026-03-10,2026-03-11,P-015,B-0175,24,161.76,Canterbury
O-00520,C-067,2026-03-11,2026-03-14,P-033,B-0216,36,302.4,Otago
O-00677,C-031,2026-03-11,,P-020,B-0159,72,453.6,Otago
O-00830,C-019,2026-03-11,2026-03-13,P-051,B-0220,36,171.0,Canterbury
O-00989,C-039,2026-03-11,2026-03-12,P-041,B-0254,36,257.04,Wellington
O-01124,C-037,2026-03-11,2026-03-13,P-037,B-0161,6,42.12,Waikato
O-01315,C-061,2026-03-11,2026-03-14,P-011,B-0298,12,61.2,Auckland
O-00172,C-056,2026-03-12,2026-03-14,P-021,B-0167,6,55.86,Canterbury
O-00264,C-032,2026-03-12,2026-03-12,P-008,B-0206,24,57.6,Waikato
O-00282,C-049,2026-03-13,2026-03-15,P-004,B-0067,48,97.44,Canterbury
O-00672,C-064,2026-03-13,2026-03-15,P-049,B-0246,24,183.12,Auckland
O-00803,C-040,2026-03-13,2026-03-15,P-042,B-0111,12,39.24,Otago
O-00827,C-008,2026-03-13,2026-03-13,P-026,B-0136,36,77.4,Wellington
O-01026,C-013,2026-03-13,2026-03-14,P-039,B-0244,48,346.08,Canterbury
O-01077,C-025,2026-03-13,2026-03-14,P-012,B-0028,48,186.72,Canterbury
O-01559,C-018,2026-03-13,2026-03-16,P-032,B-0183,24,99.12,Auckland
O-01745,C-068,2026-03-13,2026-03-13,P-046,,24,315.36,Waikato
O-01777,C-024,2026-03-13,2026-03-13,P-047,B-0077,12,146.38,Bay of Plenty
O-00150,C-016,2026-03-14,2026-03-14,P-024,,6,32.04,Canterbury
O-01334,C-053,2026-03-14,2026-03-14,P-029,B-0264,36,70.92,Wellington
O-00446,C-058,2026-03-15,2026-03-16,P-020,B-0159,36,226.8,Canterbury
O-00978,C-044,2026-03-15,2026-03-17,P-046,B-0037,6,78.84,Otago
O-00102,C-017,2026-03-16,2026-03-18,P-046,,24,315.36,Bay of Plenty
O-00203,C-042,2026-03-16,2026-03-19,P-011,B-0298,12,61.2,Wellington
O-00915,C-014,2026-03-16,2026-03-19,P-019,B-0107,6,35.28,Canterbury
O-01038,C-004,2026-03-16,2026-03-18,P-042,B-0111,48,156.96,Otago
O-01462,C-037,2026-03-16,2026-03-18,P-014,B-0060,36,217.8,Waikato
O-01614,C-016,2026-03-16,2026-03-17,P-034,B-0086,24,66.96,Canterbury
O-00048,C-043,2026-03-17,2026-03-19,P-034,B-0279,48,133.92,Otago
O-00445,C-041,2026-03-17,2026-03-20,P-044,B-0228,72,356.4,Auckland
O-00621,C-020,2026-03-17,2026-03-19,P-013,B-0085,24,78.48,Auckland
O-00698,C-067,2026-03-17,2026-03-19,P-022,B-0170,24,302.56,Otago
O-00836,C-057,2026-03-17,2026-03-18,P-038,B-0152,6,20.16,Auckland
O-00882,C-028,2026-03-17,2026-03-18,P-040,B-0105,6,35.7,Otago
O-01248,C-042,2026-03-17,2026-03-20,P-042,B-0287,6,19.62,Wellington
O-01382,C-034,2026-03-17,2026-03-17,P-051,B-0220,24,108.3,Auckland
O-00337,C-060,2026-03-18,2026-03-21,P-023,B-0079,6,31.8,Auckland
O-00166,C-023,2026-03-19,2026-03-22,P-001,,72,434.16,Auckland
O-01189,C-037,2026-03-19,2026-03-21,P-049,B-0225,24,173.96,Waikato
O-01686,C-053,2026-03-19,2026-03-21,P-035,B-0049,72,283.68,Wellington
O-01098,C-041,2026-03-20,2026-03-21,P-039,B-0297,24,173.04,Auckland
O-00129,C-056,2026-03-21,2026-03-24,P-046,B-0122,48,599.18,Canterbury
O-00532,C-061,2026-03-22,2026-03-24,P-034,B-0279,12,33.48,Auckland
O-00645,C-028,2026-03-22,2026-03-25,P-032,B-0183,6,24.78,Otago
O-00750,C-069,2026-03-22,2026-03-22,P-018,B-0270,36,159.48,Bay of Plenty
O-00869,C-055,2026-03-22,2026-03-22,P-022,B-0195,24,302.56,Wellington
O-01758,C-009,2026-03-22,2026-03-23,P-045,,6,29.04,Auckland
O-01565,C-057,2026-03-23,,P-015,B-0256,6,40.44,Auckland
O-00283,C-045,2026-03-24,2026-03-25,P-018,,24,106.32,Canterbury
O-01391,C-013,2026-03-24,2026-03-26,P-001,B-0187,24,144.72,Canterbury
O-01775,C-045,2026-03-24,2026-03-26,P-019,B-0237,24,141.12,Canterbury
O-01697,C-003,2026-03-25,2026-03-25,P-007,B-0249,48,275.52,Wellington
O-00396,C-050,2026-03-26,2026-03-26,P-012,,6,22.17,Canterbury
O-00484,C-014,2026-03-27,2026-03-30,P-033,B-0236,72,604.8,Canterbury
O-00617,C-052,2026-03-27,2026-03-30,P-014,B-0126,24,145.2,Bay of Plenty
O-01678,C-047,2026-03-27,2026-03-27,P-020,B-0159,6,35.91,Canterbury
O-00092,C-056,2026-03-28,2026-03-28,P-032,,12,49.56,Canterbury
O-00182,C-007,2026-03-28,2026-03-30,P-036,B-0034,12,64.56,Waikato
O-00935,C-034,2026-03-28,2026-03-29,P-025,B-0247,48,433.66,Auckland
O-00967,C-050,2026-03-28,2026-03-30,P-043,B-0002,6,36.06,Canterbury
O-01569,C-018,2026-03-28,2026-03-29,P-020,B-0116,24,151.2,Auckland
O-01668,C-025,2026-03-28,2026-03-29,P-004,B-0191,24,48.72,Canterbury
O-00875,C-029,2026-03-29,2026-04-01,P-045,B-0137,48,232.32,Bay of Plenty
O-00941,C-041,2026-03-29,2026-03-31,P-020,B-0116,24,151.2,Auckland
O-01365,C-041,2026-03-29,2026-03-29,P-007,B-0127,24,130.87,Auckland
O-00309,C-004,2026-03-30,,P-025,,6,57.06,Otago
O-00468,C-045,2026-03-30,,P-050,B-0043,36,140.22,Canterbury
O-00565,C-020,2026-03-30,2026-03-31,P-049,B-0225,24,183.12,Auckland
O-01221,C-040,2026-03-30,2026-03-30,P-004,,72,146.16,Waikato
O-01744,C-031,2026-03-30,2026-04-02,P-050,B-0114,24,98.4,Otago
O-00493,C-039,2026-03-31,2026-04-02,P-004,B-0182,48,97.44,Wellington
O-00778,C-040,2026-03-31,2026-04-02,P-007,B-0147,48,275.52,Wellington
O-00958,C-050,2026-03-31,2026-04-01,P-035,B-0039,72,269.5,Wellington
O-01041,C-016,2026-03-31,2026-03-31,P-013,B-0085,36,117.72,Canterbury
O-01298,C-035,2026-03-31,2026-04-01,P-029,B-0222,12,23.64,Canterbury
O-01707,C-045,2026-03-31,2026-04-01,P-025,B-0247,6,57.06,Canterbury
O-00334,C-070,2026-04-01,2026-04-03,P-023,B-0283,6,31.8,Otago
O-00901,C-056,2026-04-01,2026-04-01,P-006,,24,133.2,Canterbury
O-01066,C-027,2026-04-01,2026-04-03,P-044,B-0210,12,59.4,Otago
O-00305,C-015,2026-04-02,2026-04-04,P-005,B-0233,12,59.64,Auckland
O-00459,C-042,2026-02-04,2026-02-05,P-034,B-0281,12,33.48,Wellington
O-01084,C-057,2026-04-02,2026-04-03,P-001,B-0268,72,434.16,Auckland
O-01424,C-055,2026-04-02,2026-04-04,P-015,B-0006,72,485.28,Wellington
O-00329,C-012,2026-04-03,2026-04-05,P-004,B-0067,72,146.16,Otago
O-00679,C-039,2026-04-03,2026-04-06,P-014,,48,275.88,Wellington
O-00920,C-070,2026-03-04,2026-03-06,P-005,B-0134,24,113.32,Otago
O-01514,C-054,2026-04-03,2026-04-05,P-028,B-0061,6,35.7,Wellington
O-01718,C-021,2026-04-03,2026-04-06,P-044,B-0109,24,118.8,Auckland
O-00279,C-044,2026-04-04,2026-04-04,P-004,B-0087,24,48.72,Otago
O-00350,C-050,2026-04-04,2026-04-05,P-039,B-0244,36,259.56,Canterbury
O-00111,C-047,2026-04-05,2026-04-07,P-048,B-0218,24,159.37,Canterbury
O-00969,C-025,2026-04-05,2026-04-08,P-024,B-0274,36,192.24,Canterbury
O-01057,C-032,2026-04-05,2026-04-08,P-013,B-0291,24,74.56,Auckland
O-01658,C-056,2026-04-05,2026-04-08,P-034,B-0201,36,95.42,Wellington
O-01023,C-057,2026-04-06,2026-04-09,P-003,B-0203,12,71.88,Auckland
O-01031,C-009,2026-04-06,2026-04-07,P-025,B-0120,24,228.24,Auckland
O-01245,C-028,2026-04-06,2026-04-09,P-009,B-0199,36,79.56,Otago
O-01274,C-006,2026-04-06,2026-04-09,P-032,B-0183,48,198.24,Wellington
O-00164,C-036,2026-04-07,2026-04-08,P-009,B-0112,36,75.58,Otago
O-00177,C-039,2026-04-07,2026-04-07,P-004,,6,12.18,Wellington
O-00204,C-040,2026-04-07,2026-04-10,P-014,B-0190,12,68.97,Waikato
O-00543,C-059,2026-04-07,2026-04-07,P-022,,24,302.56,Wellington
O-00616,C-003,2026-04-07,2026-04-09,P-024,B-0278,12,64.08,Wellington
O-00786,C-039,2026-04-07,2026-04-08,P-049,B-0118,48,366.24,Wellington
O-01037,C-023,2026-04-08,2026-04-11,P-018,B-0270,24,106.32,Auckland
O-01484,C-044,2026-04-08,2026-04-11,P-038,B-0152,24,80.64,Otago
O-01574,C-020,2026-04-09,2026-04-11,P-030,B-0235,36,80.28,Auckland
O-00495,C-059,2026-04-10,2026-04-10,P-047,,24,308.16,Wellington
O-00670,C-006,2026-04-10,2026-04-13,P-001,B-0025,72,434.16,Wellington
O-00797,C-065,2026-04-10,2026-04-13,P-003,,6,35.94,Otago
O-01056,C-022,2026-04-10,2026-04-11,P-017,B-0198,48,236.64,Canterbury
O-01607,C-059,2026-04-10,,P-014,,6,36.3,Wellington
O-00131,C-058,2026-04-11,2026-04-11,P-023,B-0079,12,63.6,Canterbury
O-00975,C-018,2026-04-11,2026-04-13,P-026,B-0136,12,25.8,Auckland
O-00467,C-019,2026-04-12,2026-04-15,P-046,,24,315.36,Canterbury
O-00916,C-042,2026-04-12,2026-04-13,P-049,B-0246,12,86.98,Otago
O-01136,C-029,2026-04-12,2026-04-14,P-039,B-0156,12,86.52,Bay of Plenty
O-00569,C-030,2026-04-13,2026-04-15,P-031,,72,229.68,Bay of Plenty
O-00389,C-034,2026-04-14,2026-04-14,P-035,,24,94.56,Auckland
O-00547,C-058,2026-04-14,2026-04-17,P-004,B-0280,12,24.36,Canterbury
O-00478,C-034,2026-04-15,2026-04-17,P-019,B-0166,6,35.28,Auckland
O-00535,C-065,2026-04-15,2026-04-17,P-014,B-0060,6,36.3,Auckland
O-00995,C-034,2026-04-15,2026-04-17,P-042,,6,19.62,Auckland
O-01018,C-030,2026-04-15,2026-04-18,P-023,B-0283,24,127.2,Waikato
O-01659,C-034,2026-04-15,2026-04-15,P-006,B-0250,6,33.3,Auckland
O-00323,C-017,2026-04-16,2026-04-18,P-044,B-0210,36,169.29,Auckland
O-01089,C-030,2026-04-16,2026-04-17,P-035,,72,283.68,Canterbury
O-01600,C-054,2026-04-16,2026-04-17,P-009,B-0070,48,106.08,Wellington
O-01620,C-049,2026-04-16,2026-04-17,P-049,B-0129,6,45.78,Canterbury
O-00053,C-019,2026-04-17,2026-04-19,P-037,B-0238,48,354.72,Canterbury
O-00113,C-006,2026-04-17,2026-04-19,P-032,B-0295,48,188.33,Wellington
O-00252,C-018,2026-04-17,,P-011,B-0298,24,122.4,Auckland
O-00383,C-068,2026-04-17,2026-04-19,P-009,B-0271,36,79.56,Wellington
O-01466,C-039,2026-04-17,2026-04-20,P-013,B-0205,12,39.24,Wellington
O-01516,C-062,2026-04-17,2026-04-17,P-026,B-0269,24,51.6,Wellington
O-01598,C-066,2026-04-17,2026-04-20,P-008,B-0290,12,28.8,Auckland
O-00582,C-029,2026-04-18,2026-04-18,P-021,B-0040,12,111.72,Bay of Plenty
O-01172,C-061,2026-04-18,,P-036,B-0034,36,193.68,Auckland
O-00220,C-031,2026-04-19,2026-04-21,P-003,B-0150,12,71.88,Otago
O-00240,C-042,2026-04-19,2026-04-20,P-048,B-0282,36,251.64,Wellington
O-00311,C-044,2026-04-19,2026-04-19,P-047,,24,308.16,Otago
O-00474,C-023,2026-04-19,2026-04-19,P-006,B-0088,24,126.54,Auckland
O-00927,C-009,2026-04-19,2026-04-19,P-010,,12,19.49,Auckland
O-00260,C-038,2026-04-20,2026-04-21,P-034,B-0202,36,100.44,Auckland
O-00625,C-019,2026-04-20,2026-04-20,P-008,B-0169,72,172.8,Canterbury
O-00176,C-013,2026-04-22,2026-04-22,P-029,B-0059,6,11.82,Canterbury
O-00906,C-047,2026-04-23,2026-04-23,P-007,B-0052,12,65.44,Canterbury
O-01141,C-034,2026-04-23,2026-04-26,P-006,B-0181,24,133.2,Auckland
O-01228,C-006,2026-04-23,2026-04-26,P-015,B-0006,36,242.64,Wellington
O-01363,C-004,2026-04-23,2026-04-23,P-028,B-0061,24,142.8,Otago
O-01539,C-037,2026-04-23,,P-025,B-0294,24,228.24,Waikato
O-00427,C-030,2026-04-24,2026-04-27,P-031,B-0192,12,36.37,Bay of Plenty
O-00657,C-027,2026-04-24,2026-04-25,P-006,B-0088,6,33.3,Otago
O-01131,C-056,2026-04-24,2026-04-24,P-019,B-0237,36,211.68,Canterbury
O-01179,C-052,2026-04-24,2026-04-25,P-035,,6,23.64,Bay of Plenty
O-01270,C-016,2026-04-24,2026-04-25,P-028,B-0061,6,35.7,Waikato
O-01670,C-007,2026-04-24,2026-04-25,P-048,B-0282,72,503.28,Waikato
O-00001,C-032,2026-04-25,2026-04-28,P-028,B-0061,24,142.8,Auckland
O-00124,C-059,2026-04-25,2026-04-27,P-047,B-0077,24,308.16,Wellington
O-01307,C-054,2026-04-25,2026-04-25,P-050,,24,93.48,Wellington
O-01694,C-002,2026-04-25,2026-04-28,P-019,B-0237,36,211.68,Canterbury
O-00952,C-011,2026-04-26,2026-04-29,P-032,B-0183,72,297.36,Canterbury
O-00957,C-028,2026-04-26,2026-04-26,P-040,B-0095,6,35.7,Otago
O-01069,C-036,2026-04-26,2026-04-28,P-017,B-0223,12,56.2,Otago
O-00560,C-052,2026-04-27,2026-04-28,P-037,B-0180,24,168.49,Bay of Plenty
O-00589,C-028,2026-04-27,2026-04-29,P-026,B-0212,36,77.4,Otago
O-00853,C-045,2026-04-27,2026-04-30,P-019,B-0237,72,423.36,Canterbury
O-01300,C-066,2026-04-27,2026-04-30,P-050,B-0114,24,98.4,Auckland
O-01433,C-049,2026-04-28,,P-027,B-0032,6,18.24,Canterbury
O-01499,C-030,2026-04-28,2026-04-30,P-016,,24,146.4,Bay of Plenty
O-01610,C-052,2026-04-28,2026-05-01,P-033,B-0010,6,50.4,Bay of Plenty
O-00116,C-062,2026-04-29,2026-05-01,P-046,B-0078,36,473.04,Wellington
O-00178,C-002,2026-04-29,2026-05-02,P-051,B-0231,24,114.0,Canterbury
O-00412,C-057,2026-04-29,2026-04-29,P-016,B-0005,6,36.6,Auckland
O-01168,C-035,2026-04-29,2026-04-29,P-044,B-0186,36,169.29,Wellington
O-01456,C-056,2026-04-29,2026-05-02,P-016,B-0075,48,292.8,Canterbury
O-00040,C-004,2026-04-30,2026-05-03,P-048,B-0282,72,503.28,Otago
O-00597,C-044,2026-04-30,2026-05-03,P-010,B-0036,72,123.12,Otago
O-00747,C-006,2026-04-30,2026-05-02,P-047,B-0054,36,462.24,Wellington
O-00972,C-046,2026-04-30,2026-05-01,P-045,B-0137,24,116.16,Otago
O-01297,C-006,2026-04-30,2026-05-03,P-022,B-0106,6,79.62,Wellington
O-01447,C-043,2026-04-30,2026-04-30,P-009,,24,50.39,Otago
O-01771,C-042,2026-04-30,2026-05-01,P-020,B-0124,72,453.6,Wellington
O-00230,C-034,2026-05-01,2026-05-02,P-010,B-0272,24,41.04,Auckland
O-00895,C-023,2026-05-01,2026-05-03,P-001,,72,412.45,Auckland
O-01294,C-029,2026-05-01,2026-05-03,P-019,,24,141.12,Bay of Plenty
O-01302,C-016,2026-05-01,2026-05-01,P-009,B-0199,24,50.39,Wellington
O-01485,C-012,2026-05-01,2026-05-02,P-047,B-0077,24,308.16,Otago
O-01557,C-044,2026-05-01,2026-05-02,P-030,B-0144,12,26.76,Canterbury
O-01701,C-017,2026-05-01,2026-05-01,P-009,,48,106.08,Auckland
O-00544,C-042,2026-05-03,2026-05-04,P-015,B-0139,72,461.02,Wellington
O-01437,C-009,2026-05-03,2026-05-05,P-023,B-0232,72,381.6,Auckland
O-00461,C-013,2026-05-04,2026-05-06,P-013,B-0291,6,19.62,Canterbury
O-01554,C-026,2026-05-04,2026-05-05,P-024,B-0153,48,256.32,Auckland
O-01677,C-053,2026-04-05,2026-04-05,P-009,B-0009,48,106.08,Wellington
O-00393,C-044,2026-05-05,2026-05-06,P-047,,24,308.16,Otago
O-01478,C-069,2026-05-05,2026-05-07,P-009,B-0271,24,53.04,Bay of Plenty
O-01673,C-058,2026-05-05,2026-05-07,P-013,B-0085,72,235.44,Canterbury
O-00066,C-054,2026-05-06,2026-05-06,P-008,B-0026,6,14.4,Wellington
O-00587,C-007,2026-05-06,2026-05-09,P-037,,24,168.49,Waikato
O-00718,C-037,2026-05-06,2026-05-09,P-001,B-0268,48,289.44,Waikato
O-00973,C-010,2026-05-07,2026-05-09,P-009,B-0112,24,50.39,Canterbury
O-00385,C-001,2026-05-08,2026-05-11,P-026,,72,154.8,Auckland
O-01240,C-055,2026-05-08,2026-05-11,P-018,,12,53.16,Wellington
O-00226,C-049,2026-05-09,2026-05-11,P-017,B-0253,24,118.32,Canterbury
O-00255,C-012,2026-05-09,2026-05-12,P-045,,24,116.16,Otago
O-00879,C-062,2026-05-10,2026-05-12,P-023,B-0232,24,127.2,Wellington
O-00003,C-036,2026-05-11,2026-05-11,P-049,B-0031,36,260.95,Otago
O-00652,C-048,2026-05-11,2026-05-12,P-006,,24,133.2,Auckland
O-01187,C-011,2026-05-11,2026-05-13,P-027,B-0032,48,145.92,Otago
O-01309,C-010,2026-05-12,2026-05-12,P-048,B-0115,24,167.76,Canterbury
O-01410,C-036,2026-05-12,2026-05-15,P-036,,36,193.68,Otago
O-01214,C-061,2026-05-13,2026-05-13,P-019,,48,282.24,Auckland
O-01547,C-070,2026-05-13,,P-001,B-0268,6,34.37,Otago
O-01605,C-015,2026-05-13,2026-05-14,P-044,B-0109,24,118.8,Auckland
O-01674,C-054,2026-05-13,2026-05-15,P-031,B-0292,6,19.14,Wellington
O-00325,C-060,2026-05-14,2026-05-17,P-023,B-0079,6,31.8,Auckland
O-00539,C-042,2026-05-14,2026-05-15,P-012,B-0142,24,93.36,Wellington
O-00984,C-067,2026-05-14,2026-05-17,P-037,B-0261,36,252.74,Otago
O-01407,C-012,2026-05-14,2026-05-15,P-049,B-0225,24,183.12,Otago
O-01544,C-013,2026-05-14,2026-05-17,P-010,,24,38.99,Canterbury
O-00710,C-049,2026-05-15,,P-015,B-0023,48,307.34,Canterbury
O-01551,C-058,2026-05-15,2026-05-15,P-043,B-0197,72,411.08,Canterbury
O-00190,C-011,2026-05-16,2026-05-16,P-047,B-0119,12,146.38,Otago
O-01541,C-011,2026-05-16,2026-05-19,P-008,B-0290,24,57.6,Otago
O-01656,C-013,2026-05-16,,P-039,B-0244,24,173.04,Canterbury
O-01226,C-001,2026-05-17,2026-05-18,P-034,B-0008,72,200.88,Auckland
O-01409,C-030,2026-05-17,2026-05-17,P-011,B-0298,6,30.6,Bay of Plenty
O-00464,C-036,2026-05-19,2026-05-20,P-039,B-0156,12,86.52,Otago
O-01343,C-063,2026-05-19,2026-05-19,P-042,B-0063,6,19.62,Bay of Plenty
O-00010,C-050,2026-05-20,2026-05-22,P-046,,12,149.8,Canterbury
O-01247,C-019,2026-05-20,2026-05-21,P-039,B-0155,36,259.56,Waikato
O-00088,C-068,2026-05-21,2026-05-24,P-005,B-0020,12,59.64,Waikato
O-00681,C-012,2026-05-21,2026-05-23,P-049,B-0031,36,274.68,Otago
O-01059,C-068,2026-05-21,2026-05-24,P-045,B-0135,24,116.16,Auckland
O-00028,C-054,2026-05-22,2026-05-23,P-019,B-0237,12,70.56,Wellington
O-00586,C-065,2026-05-22,2026-05-24,P-051,B-0108,6,27.07,Auckland
O-00614,C-003,2026-05-22,2026-05-25,P-005,B-0240,24,113.32,Wellington
O-01088,C-014,2026-05-22,2026-05-25,P-050,,24,98.4,Bay of Plenty
O-01597,C-041,2026-05-22,,P-043,B-0113,24,144.24,Auckland
O-01731,C-044,2026-05-22,,P-042,B-0276,24,78.48,Bay of Plenty
O-00796,C-019,2026-05-23,2026-05-25,P-035,,24,89.83,Canterbury
O-00822,C-031,2026-05-23,2026-05-24,P-020,B-0068,24,151.2,Otago
O-01117,C-009,2026-05-23,2026-05-25,P-048,B-0282,48,335.52,Auckland
O-01774,C-039,2026-05-23,2026-05-26,P-024,,72,384.48,Wellington
O-00691,C-061,2026-05-24,2026-05-27,P-043,B-0029,12,72.12,Auckland
O-00868,C-017,2026-05-24,2026-05-24,P-004,B-0067,24,48.72,Auckland
O-01555,C-037,2026-05-24,2026-05-25,P-045,B-0074,24,116.16,Otago
O-00404,C-011,2026-05-25,2026-05-26,P-027,,24,76.8,Otago
O-00409,C-051,2026-05-25,2026-05-25,P-039,B-0155,48,346.08,Otago
O-00694,C-017,2026-05-25,2026-05-28,P-048,B-0174,48,335.52,Auckland
O-01072,C-006,2026-05-25,2026-05-27,P-031,B-0245,24,72.73,Wellington
O-01371,C-019,2026-05-25,,P-013,B-0085,72,235.44,Canterbury
O-00390,C-061,2026-05-26,2026-05-28,P-013,B-0291,24,78.48,Auckland
O-00904,C-033,2026-05-26,2026-05-26,P-016,B-0131,12,73.2,Canterbury
O-00929,C-051,2026-05-26,2026-05-27,P-017,B-0253,72,337.21,Auckland
O-01106,C-057,2026-05-26,2026-05-27,P-032,B-0286,72,297.36,Auckland
O-01149,C-044,2026-05-26,2026-05-27,P-036,B-0260,36,193.68,Canterbury
O-01660,C-051,2026-05-26,2026-05-28,P-022,B-0259,24,318.48,Auckland
O-00061,C-047,2026-05-27,2026-05-30,P-039,B-0297,72,519.12,Canterbury
O-00491,C-050,2026-05-27,2026-05-27,P-020,B-0068,24,151.2,Canterbury
O-01241,C-034,2026-05-27,2026-05-28,P-025,,24,228.24,Auckland
O-00218,C-041,2026-05-28,2026-05-28,P-045,B-0289,24,116.16,Auckland
O-00225,C-020,2026-05-28,2026-05-28,P-028,B-0061,72,428.4,Auckland
O-00521,C-022,2026-05-28,2026-05-29,P-042,B-0063,24,78.48,Canterbury
O-00831,C-002,2026-05-28,2026-05-31,P-014,B-0060,6,36.3,Canterbury
O-01250,C-019,2026-05-28,2026-05-28,P-042,B-0287,6,19.62,Waikato
O-01465,C-055,2026-05-28,2026-05-28,P-035,B-0049,36,141.84,Wellington
O-00191,C-068,2026-05-29,2026-06-01,P-024,B-0278,24,128.16,Waikato
O-01215,C-065,2026-05-29,2026-05-31,P-020,B-0068,12,75.6,Auckland
O-01626,C-022,2026-05-29,,P-008,B-0290,24,57.6,Canterbury
O-01757,C-054,2026-05-29,2026-06-01,P-001,B-0110,6,34.37,Wellington
O-00442,C-045,2026-05-30,2026-05-31,P-016,B-0075,24,146.4,Canterbury
O-00444,C-017,2026-05-30,2026-06-02,P-046,B-0122,36,473.04,Bay of Plenty
O-00600,C-042,2026-05-30,,P-007,B-0094,24,137.76,Wellington
O-01133,C-051,2026-05-30,2026-06-01,P-003,B-0157,48,287.52,Waikato
O-01548,C-022,2026-05-30,2026-06-02,P-015,B-0175,24,161.76,Canterbury
O-01735,C-069,2026-05-30,2026-05-31,P-045,B-0138,12,58.08,Bay of Plenty
O-00032,C-004,2026-05-31,2026-05-31,P-011,B-0298,6,30.6,Otago
O-00128,C-057,2026-05-31,2026-06-03,P-048,B-0174,6,41.94,Auckland
O-00449,C-051,2026-05-31,,P-033,,12,100.8,Otago
O-01123,C-051,2026-05-31,2026-05-31,P-040,B-0171,36,214.2,Otago
O-00326,C-044,2026-06-01,2026-06-02,P-021,B-0024,48,470.4,Otago
O-00706,C-035,2026-06-01,2026-06-01,P-037,B-0209,6,44.34,Waikato
O-01061,C-045,2026-06-01,,P-002,B-0172,24,87.6,Waikato
O-01488,C-013,2026-06-01,2026-06-02,P-049,B-0031,36,274.68,Canterbury
O-00458,C-022,2026-06-02,2026-06-03,P-032,B-0295,48,188.33,Canterbury
O-00536,C-050,2026-06-02,2026-06-03,P-050,,24,93.48,Canterbury
O-01429,C-011,2026-06-02,2026-06-04,P-042,B-0072,48,149.11,Otago
O-01431,C-027,2026-06-02,2026-06-05,P-036,B-0034,24,129.12,Otago
O-01608,C-011,2026-02-06,,P-023,B-0232,6,31.8,Otago
O-01680,C-066,2026-06-02,2026-06-02,P-027,B-0032,24,76.8,Auckland
O-00696,C-066,2026-06-03,2026-06-06,P-031,B-0192,72,218.2,Auckland
O-01348,C-056,2026-06-03,,P-004,B-0182,36,69.43,Canterbury
O-01140,C-042,2026-06-04,2026-06-06,P-033,,36,302.4,Wellington
O-00783,C-001,2026-06-05,2026-06-06,P-049,,72,549.36,Auckland
O-00684,C-067,2026-06-06,2026-06-07,P-045,,24,116.16,Wellington
O-01191,C-005,2026-06-06,2026-06-08,P-008,,36,82.08,Wellington
O-01417,C-054,2026-06-06,2026-06-08,P-003,B-0203,24,136.57,Wellington
O-00016,C-009,2026-06-07,2026-06-08,P-029,B-0081,36,70.92,Wellington
O-01211,C-040,2026-06-07,2026-06-08,P-014,B-0090,24,145.2,Otago
O-01387,C-065,2026-06-07,2026-06-07,P-030,B-0047,72,152.53,Otago
O-00528,C-035,2026-06-08,2026-06-09,P-039,B-0297,24,164.39,Canterbury
O-00556,C-062,2026-06-08,2026-06-09,P-007,,12,68.88,Wellington
O-00847,C-003,2026-06-08,2026-06-11,P-048,B-0282,24,167.76,Wellington
O-00855,C-069,2026-06-08,2026-06-11,P-040,B-0178,36,214.2,Bay of Plenty
O-01359,C-045,2026-06-08,2026-06-10,P-030,B-0144,48,107.04,Canterbury
O-01497,C-045,2026-06-08,2026-06-10,P-021,B-0098,36,335.16,Wellington
O-00169,C-030,2026-06-09,2026-06-11,P-015,B-0165,6,40.44,Bay of Plenty
O-00170,C-065,2026-06-09,2026-06-10,P-018,B-0133,36,159.48,Auckland
O-00357,C-041,2026-06-09,2026-06-09,P-006,B-0243,24,133.2,Auckland
O-00856,C-026,2026-06-09,2026-06-09,P-034,B-0202,72,190.84,Waikato
O-01579,C-005,2026-06-09,2026-06-11,P-041,B-0148,12,81.4,Wellington
O-01638,C-033,2026-06-09,2026-06-12,P-005,B-0134,12,59.64,Canterbury
O-01712,C-051,2026-06-09,2026-06-09,P-009,B-0104,72,151.16,Otago
O-00419,C-034,2026-06-10,2026-06-11,P-018,B-0021,12,53.16,Auckland
O-01042,C-012,2026-06-10,2026-06-11,P-041,B-0148,6,42.84,Otago
O-01175,C-008,2026-06-10,2026-06-12,P-002,,6,20.8,Wellington
O-01197,C-018,2026-06-10,2026-06-11,P-016,B-0145,24,139.08,Otago
O-01647,C-040,2026-06-10,,P-007,B-0147,12,65.44,Otago
O-01796,C-055,2026-06-10,2026-06-11,P-001,,12,72.36,Wellington
O-01797,C-001,2026-06-10,2026-06-11,P-001,,24,144.72,Auckland
O-01444,C-057,2026-06-11,2026-06-14,P-016,B-0145,24,146.4,Auckland
O-01570,C-066,2026-06-11,2026-06-14,P-007,B-0249,24,137.76,Auckland
O-01672,C-034,2026-06-11,2026-06-13,P-032,B-0286,36,148.68,Auckland
O-01715,C-053,2026-06-11,2026-06-11,P-032,B-0286,36,148.68,Wellington
O-00898,C-017,2026-06-12,2026-06-12,P-023,B-0079,72,381.6,Auckland
O-01161,C-068,2026-06-12,2026-06-13,P-045,B-0123,24,116.16,Waikato
O-01784,C-045,2026-06-12,2026-06-13,P-001,B-0187,24,144.72,Canterbury
O-00886,C-060,2026-06-13,2026-06-13,P-039,,12,86.52,Otago
O-00731,C-039,2026-06-14,2026-06-17,P-033,B-0216,6,47.88,Wellington
O-01798,C-011,2026-06-14,2026-06-15,P-001,,12,72.36,Otago
O-00199,C-002,2026-06-15,2026-06-17,P-048,B-0282,24,167.76,Canterbury
O-00456,C-063,2026-06-15,2026-06-17,P-049,B-0129,48,366.24,Bay of Plenty
O-01699,C-011,2026-06-15,2026-06-17,P-044,B-0186,48,237.6,Waikato
O-01791,C-021,2026-06-15,2026-06-16,P-001,B-0187,12,72.36,Auckland
O-01795,C-053,2026-06-15,2026-06-16,P-001,,12,72.36,Wellington
O-00227,C-002,2026-06-16,2026-06-18,P-001,B-0187,24,144.72,Canterbury
O-01001,C-062,2026-06-16,2026-06-18,P-016,B-0071,48,292.8,Wellington
O-01190,C-002,2026-06-16,2026-06-18,P-004,,24,48.72,Canterbury
O-01204,C-045,2026-06-16,2026-06-16,P-034,B-0202,24,66.96,Canterbury
O-01783,C-021,2026-06-16,2026-06-17,P-001,B-0187,24,144.72,Auckland
O-01794,C-070,2026-06-16,2026-06-17,P-001,B-0187,12,72.36,Otago
O-00319,C-021,2026-06-17,,P-050,B-0114,24,98.4,Auckland
O-01786,C-049,2026-06-17,2026-06-18,P-001,B-0187,12,72.36,Canterbury
O-00086,C-064,2026-06-18,2026-06-20,P-022,B-0125,12,151.28,Auckland
O-00366,C-051,2026-06-18,2026-06-21,P-010,B-0014,36,61.56,Otago
O-00508,C-041,2026-06-18,2026-06-21,P-007,B-0127,12,68.88,Auckland
O-01601,C-040,2026-06-18,2026-06-20,P-003,B-0207,72,431.28,Otago
O-01679,C-041,2026-06-18,2026-06-19,P-044,B-0210,48,237.6,Otago
O-01781,C-037,2026-06-18,2026-06-19,P-001,B-0187,36,217.08,Waikato
O-01785,C-054,2026-06-18,2026-06-19,P-001,B-0187,24,144.72,Wellington
O-01787,C-003,2026-06-18,2026-06-19,P-001,B-0187,24,144.72,Wellington
O-00065,C-020,2026-06-19,2026-06-20,P-014,B-0190,72,435.6,Auckland
O-00290,C-059,2026-06-19,,P-033,B-0216,24,201.6,Wellington
O-00336,C-057,2026-06-19,2026-06-19,P-007,B-0127,48,275.52,Auckland
O-00888,C-067,2026-06-19,2026-06-22,P-030,B-0194,24,53.52,Otago
O-00950,C-030,2026-06-19,2026-06-21,P-049,,24,183.12,Bay of Plenty
O-01606,C-007,2026-06-19,2026-06-22,P-006,,12,63.27,Waikato
O-01717,C-021,2026-06-19,2026-06-22,P-039,B-0297,24,164.39,Auckland
O-01549,C-062,2026-06-20,2026-06-23,P-047,B-0162,12,154.08,Wellington
O-01788,C-002,2026-06-20,2026-06-21,P-001,B-0187,24,144.72,Canterbury
O-01789,C-052,2026-06-20,2026-06-21,P-001,B-0187,12,72.36,Bay of Plenty
O-00149,C-019,2026-06-21,2026-06-22,P-011,B-0298,24,122.4,Waikato
O-00082,C-021,2026-06-22,2026-06-22,P-036,B-0255,24,129.12,Canterbury
O-00726,C-032,2026-06-22,2026-06-22,P-043,B-0051,12,72.12,Auckland
O-00421,C-010,2026-06-23,2026-06-26,P-007,B-0052,6,32.72,Canterbury
O-00688,C-052,2026-06-23,2026-06-24,P-031,B-0013,12,38.28,Bay of Plenty
O-00852,C-033,2026-06-23,2026-06-25,P-047,B-0096,48,616.32,Canterbury
O-00921,C-057,2026-06-23,,P-015,B-0173,24,161.76,Auckland
O-01121,C-040,2026-06-23,,P-014,B-0060,24,145.2,Otago
O-00572,C-033,2026-06-24,2026-06-26,P-018,,24,106.32,Canterbury
O-00602,C-056,2026-06-24,2026-06-25,P-044,B-0109,36,178.2,Waikato
O-01032,C-040,2026-06-24,2026-06-24,P-040,B-0089,72,428.4,Otago
O-01096,C-064,2026-06-24,2026-06-26,P-034,,6,16.74,Auckland
O-00432,C-024,2026-06-25,2026-06-25,P-047,B-0121,12,154.08,Bay of Plenty
O-00775,C-029,2026-06-25,2026-06-26,P-025,B-0226,6,57.06,Bay of Plenty
O-01182,C-006,2026-06-25,2026-06-28,P-037,,6,44.34,Wellington
O-01709,C-028,2026-06-25,2026-06-25,P-001,B-0025,12,72.36,Otago
O-00870,C-044,2026-06-26,2026-06-28,P-046,B-0122,48,630.72,Otago
O-01624,C-050,2026-06-26,,P-037,B-0209,6,44.34,Canterbury
O-01764,C-004,2026-06-26,2026-06-29,P-049,,24,183.12,Otago
O-00511,C-050,2026-06-27,2026-06-28,P-051,B-0220,72,342.0,Canterbury
O-00891,C-036,2026-06-27,2026-06-28,P-031,B-0219,6,18.18,Otago
O-01458,C-032,2026-06-27,2026-06-27,P-024,B-0278,36,192.24,Auckland
O-01790,C-064,2026-06-27,2026-06-28,P-001,B-0187,36,217.08,Auckland
O-01793,C-021,2026-06-27,2026-06-28,P-001,B-0187,36,217.08,Auckland
O-01703,C-043,2026-06-28,,P-003,B-0207,48,287.52,Otago
O-01782,C-054,2026-06-28,2026-06-29,P-001,B-0187,24,144.72,Wellington
O-00844,C-064,2026-06-29,2026-06-30,P-048,B-0115,12,83.88,Auckland
O-01792,C-016,2026-06-29,2026-06-30,P-001,B-0187,24,144.72,Canterbury
O-00063,C-010,2026-06-30,2026-07-01,P-034,B-0012,72,200.88,Canterbury
O-00363,C-068,2026-06-30,2026-07-02,P-038,B-0242,72,241.92,Waikato
O-00089,C-033,2026-07-01,2026-07-04,P-026,B-0136,48,98.04,Canterbury
O-01126,C-022,2026-07-01,2026-07-04,P-001,,6,36.18,Wellington
O-01205,C-029,2026-01-07,2026-01-10,P-011,,6,30.6,Bay of Plenty
O-01301,C-022,2026-07-01,2026-07-04,P-020,B-0116,24,151.2,Canterbury
O-00473,C-047,2026-07-02,2026-07-02,P-038,B-0242,48,161.28,Canterbury
O-01374,C-023,2026-07-02,2026-07-04,P-015,B-0023,24,161.76,Auckland
O-00712,C-029,2026-07-03,2026-07-04,P-011,B-0298,72,367.2,Bay of Plenty
O-01443,C-059,2026-07-03,,P-051,,36,171.0,Wellington
O-01625,C-030,2026-03-07,2026-03-08,P-032,B-0286,48,198.24,Bay of Plenty
O-01799,C-011,2026-07-03,2026-07-04,P-001,,24,144.72,Otago
O-00693,C-008,2026-04-07,2026-04-07,P-027,,72,230.4,Wellington
O-00148,C-052,2026-07-05,2026-07-08,P-034,B-0279,72,200.88,Bay of Plenty
O-00818,C-006,2026-07-05,2026-07-05,P-051,B-0220,6,28.5,Wellington
O-00012,C-025,2026-07-06,,P-016,B-0075,48,292.8,Auckland
O-00141,C-008,2026-07-06,2026-07-08,P-037,B-0285,24,177.36,Wellington
O-00541,C-042,2026-06-07,2026-06-09,P-033,B-0010,36,302.4,Wellington
O-01531,C-018,2026-07-06,2026-07-09,P-015,,12,80.88,Auckland
O-00960,C-021,2026-07-07,2026-07-08,P-029,,12,22.46,Auckland
O-01753,C-015,2026-07-07,2026-07-07,P-005,,72,339.95,Auckland
O-00212,C-007,2026-07-09,2026-07-09,P-029,,24,47.28,Waikato
O-00651,C-025,2026-07-10,2026-07-12,P-048,B-0282,12,83.88,Otago
O-00377,C-016,2026-04-08,2026-04-11,P-022,,36,477.72,Canterbury
O-00155,C-007,2026-07-08,2026-07-09,P-037,B-0257,72,532.08,Waikato
O-01540,C-014,2026-03-10,2026-03-11,P-051,,24,114.0,Canterbury
O-01107,C-016,2026-04-10,2026-04-11,P-050,,12,49.2,Canterbury
O-01331,C-070,2026-04-10,2026-04-12,P-003,,72,431.28,Otago
O-00498,C-032,2026-07-10,2026-07-13,P-040,B-0105,6,35.7,Auckland
O-00609,C-031,2026-04-11,2026-04-13,P-005,B-0265,24,119.28,Otago
